temp, humidity, soilMoisture
25.0, 55.0, 36.9
28.2, 62.1, 36.7
28.2, 61.7, 36.6
28.2, 62.3, 36.5
28.3, 62.5, 36.5
28.3, 62.0, 36.4
28.3, 61.4, 36.3
28.3, 61.1, 36.2
28.3, 60.7, 36.1
28.3, 60.6, 35.9
28.4, 60.5, 35.8
28.4, 60.2, 35.7
28.4, 59.9, 35.6
28.4, 59.6, 35.4
28.4, 59.5, 35.4
28.4, 59.5, 35.3
28.4, 59.5, 35.1
28.4, 59.3, 34.9
28.4, 59.3, 34.9
28.5, 59.2, 34.8
28.5, 59.1, 34.7
28.5, 58.9, 34.6
28.5, 58.9, 34.5
28.5, 58.7, 34.4
28.5, 58.7, 34.3
28.5, 59.1, 34.2
28.5, 59.2, 34.4
28.5, 59.2, 34.3
28.6, 59.3, 34.1
28.6, 59.2, 34.1
28.8, 58.1, 39.5
28.8, 58.9, 39.1
28.8, 59.2, 38.9
28.8, 59.4, 38.7
28.8, 59.5, 38.6
28.8, 59.3, 38.5
28.8, 59.0, 38.4
28.8, 59.1, 38.2
28.8, 59.3, 38.0
28.8, 59.1, 37.9
28.8, 58.9, 37.7
28.8, 58.9, 37.5
28.8, 58.7, 37.1
28.8, 58.9, 36.9
28.8, 59.4, 36.7
28.8, 59.4, 36.5
28.4, 59.1, 36.3
28.9, 60.0, 36.1
28.9, 59.9, 36.0
28.9, 59.6, 35.8
28.9, 59.4, 35.6
28.9, 59.3, 35.5
28.9, 59.1, 35.3
28.9, 59.1, 35.2
28.9, 59.0, 35.0
28.9, 59.1, 34.8
28.9, 59.1, 33.8
28.9, 59.1, 33.6
28.9, 59.1, 33.5
28.9, 59.1, 33.3
28.9, 59.2, 33.2
28.9, 59.3, 33.0
28.9, 59.1, 32.9
28.9, 58.9, 32.8
28.9, 58.9, 32.7
28.9, 58.9, 32.5
28.9, 58.5, 32.4
28.9, 58.5, 32.1
28.9, 58.3, 32.0
28.9, 58.1, 31.8
28.9, 58.0, 31.7
28.9, 57.8, 31.5
28.9, 57.6, 31.4
28.9, 57.4, 32.3
28.9, 57.6, 34.9
28.9, 57.6, 34.5
28.9, 57.6, 34.3
28.9, 57.4, 34.1
28.9, 57.2, 33.9
28.9, 57.1, 33.9
28.9, 57.0, 33.7
28.9, 57.0, 33.4
28.9, 56.9, 33.2
28.9, 56.9, 33.1
28.9, 56.8, 32.9
28.9, 56.7, 32.7
28.9, 56.8, 32.5
28.9, 56.9, 32.3
28.9, 56.9, 32.1
28.9, 57.0, 32.0
28.9, 57.1, 31.8
28.9, 57.0, 31.7
28.9, 56.9, 31.6
28.9, 56.8, 31.5
28.9, 56.9, 31.4
28.9, 56.8, 31.2
28.9, 56.8, 31.0
28.9, 56.8, 30.7
28.9, 56.1, 30.5
28.9, 55.9, 30.3
28.9, 56.5, 30.1
28.9, 56.5, 56.2
28.9, 56.7, 100.0
28.9, 56.8, 100.0
28.9, 56.8, 100.0
28.8, 56.8, 100.0
28.8, 56.7, 100.0
28.8, 56.7, 100.0
28.8, 56.5, 100.0
28.8, 56.4, 100.0
28.8, 56.4, 100.0
28.8, 56.5, 100.0
28.8, 56.6, 100.0
28.8, 56.8, 100.0
28.8, 56.6, 99.1
28.8, 56.7, 95.8
28.8, 56.7, 95.2
28.8, 56.3, 95.0
28.8, 56.5, 94.7
28.8, 56.8, 94.6
28.8, 57.5, 94.4
28.8, 57.9, 94.3
28.8, 57.3, 94.2
28.8, 57.3, 94.1
28.8, 57.3, 94.0
28.8, 57.3, 93.9
28.8, 57.2, 93.8
28.8, 57.3, 93.7
28.8, 57.2, 93.6
28.8, 57.0, 93.5
28.8, 56.7, 93.5
28.8, 56.9, 93.4
28.8, 56.9, 93.3
28.8, 56.9, 93.2
28.8, 56.8, 93.2
28.8, 56.9, 93.1
28.8, 56.6, 93.0
28.8, 56.6, 92.9
28.8, 56.8, 92.9
28.8, 56.7, 92.8
28.8, 56.6, 92.8
28.8, 56.5, 92.8
28.8, 56.5, 92.7
28.8, 56.5, 92.7
28.8, 56.7, 92.6
28.4, 56.4, 92.6
28.8, 56.5, 92.5
28.8, 56.6, 92.5
28.8, 56.5, 92.4
28.8, 56.5, 92.5
28.8, 56.6, 92.5
28.8, 56.5, 92.4
28.8, 56.4, 92.4
28.8, 56.3, 92.3
28.8, 56.2, 92.3
28.8, 56.1, 92.3
28.8, 56.2, 92.2
28.8, 56.2, 92.2
28.8, 56.4, 92.1
28.8, 56.4, 92.1
28.8, 56.5, 92.1
28.8, 56.4, 92.0
28.8, 56.3, 92.0
28.8, 56.5, 92.0
28.8, 56.4, 91.9
28.8, 56.2, 91.9
28.8, 56.1, 91.9
28.8, 56.3, 91.8
28.8, 56.3, 91.8
28.8, 56.0, 91.8
28.8, 56.0, 91.8
28.8, 55.9, 91.7
28.8, 56.1, 91.7
28.8, 56.2, 91.7
28.8, 56.4, 91.7
28.8, 56.4, 91.6
28.8, 56.1, 91.6
28.8, 55.8, 91.6
28.8, 56.1, 91.6
28.8, 56.4, 91.5
28.8, 56.3, 91.5
28.8, 56.2, 91.5
28.8, 56.2, 91.5
28.9, 56.1, 91.4
28.9, 56.2, 91.4
28.8, 55.9, 91.4
28.8, 55.8, 91.4
28.7, 56.0, 91.3
28.6, 56.4, 91.3
28.5, 56.6, 91.3
28.4, 56.8, 91.3
28.3, 57.2, 91.3
28.2, 57.5, 91.3
28.2, 57.8, 91.2
28.1, 57.9, 91.2
28.0, 58.0, 91.2
28.0, 58.3, 91.2
28.0, 58.5, 91.2
27.9, 58.6, 91.2
27.9, 58.8, 91.1
27.8, 59.1, 91.1
27.8, 59.5, 91.1
27.8, 59.8, 91.1
27.8, 60.0, 91.1
27.8, 59.9, 91.1
27.7, 60.0, 91.1
27.7, 60.0, 91.0
27.7, 60.0, 91.0
27.7, 60.1, 91.0
27.7, 60.2, 91.0
27.7, 60.1, 91.0
27.7, 59.9, 91.0
27.7, 59.9, 91.0
27.7, 60.1, 91.0
27.6, 60.1, 91.0
27.6, 60.1, 90.9
27.6, 60.1, 90.9
27.6, 60.0, 90.9
27.6, 60.2, 90.9
27.6, 60.1, 91.0
27.6, 60.0, 90.9
27.6, 60.1, 90.9
27.6, 60.2, 90.9
27.6, 60.3, 90.9
27.6, 60.3, 90.9
27.6, 60.2, 90.9
27.6, 60.3, 90.9
27.5, 60.3, 90.9
27.5, 60.4, 90.9
27.5, 60.4, 90.8
27.5, 60.3, 90.8
27.5, 60.2, 90.8
27.5, 60.1, 90.8
27.5, 59.4, 90.8
27.5, 58.6, 90.8
27.4, 58.7, 90.8
27.1, 58.0, 90.8
27.3, 58.4, 90.8
27.3, 58.4, 90.7
27.2, 58.1, 90.7
27.2, 58.0, 90.7
27.1, 57.8, 90.7
27.1, 57.6, 90.7
27.0, 57.4, 90.7
26.9, 57.7, 90.7
26.9, 58.2, 90.7
26.9, 57.9, 90.7
26.8, 57.7, 90.7
26.8, 57.4, 90.7
26.7, 57.4, 90.7
26.7, 57.7, 90.7
26.7, 57.7, 90.7
26.7, 57.8, 90.6
26.6, 57.8, 90.6
26.6, 57.9, 90.6
26.6, 57.8, 90.6
26.6, 57.5, 90.7
26.6, 57.7, 90.7
26.6, 57.6, 90.7
26.6, 57.7, 90.7
26.5, 57.8, 90.6
26.5, 58.0, 90.6
26.5, 57.9, 90.6
26.5, 58.0, 90.6
26.5, 58.2, 90.6
26.5, 58.4, 90.6
26.5, 58.2, 90.5
26.6, 58.0, 90.5
26.6, 57.9, 90.5
26.5, 57.8, 90.5
26.5, 57.8, 90.5
26.5, 57.8, 90.5
26.5, 57.5, 90.5
26.3, 57.0, 90.5
26.5, 57.2, 90.5
26.4, 57.2, 90.5
26.4, 57.3, 90.5
26.4, 57.6, 90.4
26.4, 57.6, 90.4
26.4, 57.4, 90.4
26.4, 57.3, 90.4
26.4, 57.3, 90.4
26.4, 57.6, 90.3
26.4, 57.5, 90.3
26.4, 57.6, 90.3
26.4, 57.5, 90.1
26.9, 57.2, 90.1
26.9, 57.1, 90.1
26.9, 57.3, 90.1
26.9, 57.1, 90.1
26.9, 56.5, 90.1
26.8, 56.7, 90.1
26.8, 56.6, 90.1
26.7, 56.5, 90.0
26.7, 56.4, 90.0
26.6, 56.5, 90.0
26.6, 56.7, 90.0
26.6, 56.5, 90.0
26.5, 56.4, 90.0
26.5, 56.4, 90.0
26.5, 56.2, 90.0
26.5, 55.9, 90.0
26.4, 55.9, 90.0
26.4, 56.0, 90.0
26.4, 56.1, 90.0
26.4, 56.2, 90.0
26.3, 56.3, 90.0
26.3, 56.5, 90.0
26.3, 56.6, 90.0
26.2, 56.6, 90.0
26.2, 56.5, 90.0
26.2, 56.6, 90.0
26.2, 56.5, 90.0
26.2, 56.5, 90.0
26.1, 56.5, 90.0
26.1, 56.5, 90.0
26.1, 56.5, 90.0
26.2, 56.4, 90.0
26.2, 56.3, 90.0
26.2, 56.2, 90.0
26.2, 56.7, 90.0
26.2, 56.9, 89.9
26.2, 57.0, 89.9
26.2, 57.2, 89.9
26.2, 57.4, 89.9
26.3, 57.5, 89.9
26.3, 57.1, 89.9
26.2, 56.7, 89.9
26.3, 56.6, 89.9
26.3, 56.7, 89.9
26.4, 56.8, 89.9
26.4, 56.5, 89.9
26.4, 56.4, 89.9
26.4, 56.3, 89.9
26.4, 56.2, 89.9
26.3, 56.3, 89.9
26.3, 56.6, 89.9
26.2, 56.9, 89.8
26.2, 57.2, 89.8
26.2, 57.1, 89.8
26.1, 57.1, 89.8
26.1, 57.0, 89.8
26.1, 56.9, 89.8
26.1, 56.9, 89.9
26.1, 57.1, 89.9
26.2, 57.1, 89.9
26.2, 57.0, 89.9
26.3, 56.8, 89.8
26.3, 56.6, 89.8
26.3, 56.3, 89.8
26.4, 56.1, 89.8
26.4, 55.8, 89.8
26.4, 55.7, 89.8
26.4, 55.8, 89.8
26.4, 55.9, 89.8
26.3, 55.9, 89.8
26.4, 55.7, 89.8
26.4, 55.4, 89.8
26.3, 55.4, 89.8
26.3, 55.2, 89.8
26.2, 55.6, 89.8
26.2, 56.2, 89.8
26.1, 56.4, 89.8
26.1, 56.4, 89.8
26.0, 56.7, 89.8
26.0, 57.1, 89.8
26.0, 57.3, 89.8
26.0, 57.2, 89.8
26.0, 57.2, 89.8
25.9, 57.2, 89.8
25.9, 57.4, 89.8
25.9, 58.2, 89.8
25.9, 58.5, 89.8
25.9, 58.6, 89.9
26.0, 58.6, 89.9
26.0, 58.5, 89.9
26.0, 58.6, 89.9
26.0, 58.9, 89.9
26.1, 58.3, 89.9
26.1, 58.1, 89.9
26.0, 58.2, 89.9
26.0, 58.4, 89.8
26.0, 58.3, 89.8
26.0, 58.4, 89.8
26.0, 58.2, 89.8
25.9, 58.0, 89.8
25.9, 58.1, 89.8
25.9, 58.6, 89.8
25.9, 58.7, 89.8
25.8, 59.1, 89.8
25.8, 59.4, 89.8
25.8, 59.9, 89.8
25.8, 60.4, 89.8
25.9, 60.2, 89.8
25.9, 59.8, 89.8
25.9, 59.4, 89.8
25.9, 59.2, 89.8
25.9, 59.2, 89.8
25.9, 59.3, 89.8
25.9, 58.6, 89.7
25.9, 58.8, 89.7
25.9, 59.1, 89.7
26.0, 58.7, 89.7
26.0, 58.7, 89.7
26.0, 58.5, 89.7
26.1, 57.8, 89.7
26.1, 57.7, 89.7
26.1, 57.7, 89.7
26.1, 57.0, 89.7
26.1, 57.2, 89.7
26.1, 57.6, 89.6
26.1, 57.9, 89.6
26.1, 57.6, 89.6
26.1, 57.0, 89.6
26.1, 57.0, 89.6
26.1, 57.5, 89.6
26.1, 57.5, 89.6
26.1, 57.7, 89.7
26.1, 58.2, 89.7
26.1, 57.8, 89.7
26.1, 57.4, 89.7
26.1, 57.3, 89.7
26.0, 57.3, 89.8
26.0, 57.5, 89.7
26.0, 58.0, 89.7
26.0, 58.4, 89.7
26.0, 58.0, 89.7
25.9, 57.6, 89.7
26.0, 58.8, 89.7
26.0, 59.2, 89.7
26.0, 58.8, 89.7
26.1, 58.5, 89.7
26.1, 58.3, 89.7
26.1, 58.1, 89.7
26.1, 58.2, 89.6
26.1, 58.5, 89.6
26.1, 58.7, 89.6
26.1, 58.4, 89.6
26.1, 58.3, 89.6
26.1, 58.3, 89.6
26.1, 58.4, 89.6
26.1, 58.6, 89.6
26.1, 58.5, 89.6
26.1, 58.4, 89.6
26.1, 58.6, 89.6
26.1, 58.7, 89.6
26.1, 58.3, 89.6
26.1, 58.2, 89.6
26.0, 58.4, 89.6
26.0, 58.4, 89.6
26.0, 58.6, 89.6
26.1, 58.6, 89.5
26.1, 58.5, 89.5
26.2, 58.3, 89.5
26.2, 58.1, 89.5
26.3, 57.7, 89.5
26.3, 57.4, 89.5
26.4, 57.1, 89.6
26.4, 57.2, 89.6
26.4, 57.4, 89.6
26.5, 57.8, 89.5
26.5, 58.3, 89.5
26.5, 58.0, 89.5
26.6, 57.2, 89.5
26.6, 57.1, 89.5
26.6, 57.7, 89.5
26.7, 57.4, 89.5
26.7, 57.0, 89.5
26.8, 56.3, 89.5
26.8, 55.7, 89.5
26.8, 55.3, 89.5
26.8, 55.3, 89.5
26.8, 55.5, 89.6
26.8, 55.7, 89.6
26.8, 55.6, 89.6
26.9, 55.5, 89.6
26.9, 55.1, 89.6
26.9, 55.6, 89.6
26.9, 55.8, 89.6
27.0, 55.5, 89.6
27.0, 55.4, 89.6
27.0, 55.1, 89.6
27.1, 54.6, 89.6
27.1, 54.5, 89.5
27.1, 54.9, 89.5
27.0, 54.8, 89.5
27.0, 54.7, 89.5
27.0, 55.0, 89.5
27.1, 55.4, 89.5
27.0, 54.6, 89.5
27.0, 53.8, 89.5
26.8, 53.7, 89.5
26.9, 53.7, 89.5
26.9, 53.7, 89.5
26.9, 53.8, 89.7
26.8, 54.0, 89.6
26.7, 54.5, 89.6
26.7, 55.1, 89.6
26.7, 55.3, 89.6
26.8, 55.8, 89.6
26.8, 55.8, 89.6
26.8, 55.2, 89.6
26.8, 55.2, 89.6
26.9, 54.8, 89.6
26.8, 55.1, 89.5
26.9, 55.3, 89.5
26.8, 54.8, 89.5
26.8, 54.9, 89.5
26.8, 54.9, 89.5
26.8, 55.4, 89.5
26.8, 55.5, 89.5
26.8, 55.6, 89.5
26.9, 55.5, 89.5
26.9, 55.2, 89.5
27.0, 55.1, 89.5
27.0, 55.2, 89.5
27.1, 54.8, 89.4
27.1, 55.1, 89.4
27.2, 55.1, 89.4
27.2, 55.9, 89.4
27.3, 55.9, 89.4
27.3, 54.8, 89.4
27.4, 55.2, 89.4
27.4, 55.6, 89.4
27.4, 54.7, 89.5
27.5, 54.6, 89.5
27.5, 54.8, 89.5
27.5, 54.6, 89.5
27.5, 54.7, 89.4
27.5, 54.7, 89.5
27.6, 54.5, 89.5
27.6, 54.3, 89.4
27.6, 53.9, 89.4
27.6, 53.7, 89.4
27.5, 53.2, 89.4
27.5, 52.8, 89.4
27.5, 52.8, 89.4
27.5, 53.0, 89.4
27.4, 53.0, 89.4
27.4, 52.7, 89.4
27.4, 52.5, 89.4
27.3, 52.5, 89.4
27.3, 52.6, 89.4
27.2, 52.6, 89.3
27.2, 52.7, 89.3
27.2, 52.7, 89.3
27.1, 52.9, 89.3
27.1, 52.9, 89.4
27.1, 53.0, 89.3
27.0, 53.0, 89.3
27.0, 53.3, 89.3
27.0, 53.1, 89.3
27.0, 53.0, 89.3
27.0, 52.8, 89.3
27.0, 52.7, 89.3
27.0, 52.8, 89.3
26.9, 52.8, 89.4
26.9, 52.9, 89.4
26.9, 53.0, 89.4
26.9, 53.1, 89.4
26.9, 53.2, 89.4
26.9, 53.2, 89.4
26.8, 53.2, 89.4
26.8, 53.3, 89.3
26.8, 53.2, 89.3
26.8, 53.2, 89.3
26.8, 53.2, 89.3
26.8, 53.2, 89.3
26.8, 53.2, 89.3
26.8, 53.1, 89.3
26.8, 53.1, 89.3
26.8, 53.0, 89.3
26.8, 53.0, 89.3
26.8, 53.0, 89.2
26.8, 53.0, 89.2
26.8, 53.0, 89.2
26.8, 53.0, 89.2
26.8, 53.0, 89.2
26.8, 53.0, 89.2
26.9, 52.9, 89.2
26.9, 52.9, 89.2
26.9, 52.9, 89.2
26.9, 52.8, 89.1
26.8, 52.8, 89.1
26.8, 52.8, 89.1
26.8, 52.7, 89.1
26.8, 52.8, 89.1
26.8, 52.8, 89.1
26.8, 52.9, 89.2
26.8, 52.8, 89.2
26.8, 52.8, 89.2
26.8, 52.8, 89.2
26.8, 52.9, 89.2
26.8, 53.0, 89.2
26.8, 52.8, 89.2
26.8, 52.9, 89.2
26.8, 53.0, 89.2
26.9, 53.1, 89.2
26.9, 53.0, 89.2
26.7, 53.0, 89.3
26.9, 52.5, 89.2
27.0, 52.3, 89.2
27.0, 52.1, 89.2
27.0, 52.2, 89.1
27.0, 52.2, 89.1
27.0, 52.1, 89.1
27.0, 52.2, 89.1
27.0, 52.2, 89.1
27.0, 51.9, 89.1
27.0, 51.7, 89.1
27.0, 51.7, 89.1
27.0, 51.7, 89.1
27.0, 51.9, 89.1
27.1, 51.9, 89.1
27.1, 51.9, 89.0
27.1, 51.6, 89.0
27.1, 51.6, 89.0
27.1, 51.5, 89.0
27.1, 51.5, 89.0
27.1, 51.4, 89.0
27.1, 51.5, 89.0
27.1, 51.6, 89.0
27.1, 51.6, 89.0
27.1, 51.5, 89.0
27.1, 51.6, 88.9
27.1, 51.7, 88.9
27.1, 51.5, 88.9
27.1, 51.4, 88.9
27.1, 51.3, 88.9
27.1, 51.5, 88.9
27.1, 51.3, 88.9
27.1, 51.3, 88.9
27.1, 51.4, 88.9
27.1, 51.6, 88.9
27.1, 51.8, 88.9
27.1, 51.9, 88.9
27.0, 51.9, 88.9
27.1, 52.0, 88.9
27.1, 52.1, 89.0
27.1, 52.3, 89.0
27.0, 52.4, 89.0
27.1, 52.3, 89.0
27.1, 52.4, 89.0
27.1, 52.2, 89.0
27.1, 52.0, 88.9
27.1, 51.8, 88.9
27.1, 51.8, 88.9
27.1, 51.7, 88.9
27.1, 51.7, 88.9
27.1, 51.6, 88.9
27.1, 51.7, 88.9
27.1, 51.8, 88.9
27.0, 51.9, 88.8
27.1, 52.0, 88.8
27.1, 52.0, 88.8
27.1, 51.9, 88.8
27.1, 51.8, 88.8
27.1, 51.9, 88.8
27.0, 52.1, 88.8
27.0, 52.1, 88.8
27.0, 52.1, 88.8
27.0, 51.8, 88.7
27.0, 51.8, 88.7
27.0, 52.0, 88.7
27.0, 52.1, 88.7
27.0, 51.9, 88.7
27.0, 51.9, 88.7
27.0, 51.9, 88.7
26.9, 51.9, 88.7
26.9, 51.9, 88.7
26.9, 51.9, 88.7
26.9, 52.0, 88.6
26.9, 52.1, 88.6
26.9, 52.2, 88.6
26.9, 52.2, 88.6
26.9, 52.2, 88.6
26.9, 52.6, 88.5
26.9, 53.1, 88.5
26.9, 53.1, 88.5
26.9, 53.5, 88.5
27.0, 53.6, 88.5
27.0, 53.6, 88.5
27.0, 53.6, 88.5
27.0, 54.0, 88.5
27.0, 54.2, 88.4
27.0, 53.8, 88.4
27.0, 53.6, 88.4
27.0, 53.3, 88.4
27.1, 53.1, 88.4
27.1, 53.1, 88.4
27.1, 53.2, 88.4
27.1, 53.4, 88.4
27.1, 53.2, 88.4
27.1, 53.1, 88.5
27.1, 53.2, 88.5
27.1, 53.2, 88.4
27.1, 53.3, 88.4
27.1, 53.4, 88.4
27.2, 53.5, 88.4
27.1, 53.2, 88.4
27.2, 53.2, 88.4
27.2, 53.2, 88.4
27.2, 53.2, 88.4
27.2, 52.9, 88.4
27.2, 53.0, 88.4
27.2, 53.0, 88.4
27.2, 52.9, 88.4
27.2, 52.9, 88.4
27.2, 52.9, 88.4
27.2, 53.0, 88.4
27.2, 52.9, 88.4
27.2, 53.0, 88.4
27.2, 53.1, 88.3
27.2, 53.0, 88.3
27.2, 53.0, 88.3
27.2, 53.1, 88.3
27.2, 53.3, 88.3
27.2, 53.3, 88.3
27.2, 53.4, 88.3
27.2, 53.5, 88.3
27.2, 53.6, 88.3
27.2, 53.6, 88.3
27.2, 53.7, 88.3
27.2, 53.7, 88.3
27.2, 53.7, 88.3
27.2, 54.1, 88.3
27.2, 54.4, 88.3
27.2, 54.6, 88.3
27.2, 54.5, 88.2
27.2, 54.4, 88.2
27.2, 54.6, 88.2
27.2, 55.0, 88.2
27.2, 55.0, 88.2
27.2, 55.5, 88.3
27.2, 56.1, 88.3
27.2, 56.1, 88.3
27.2, 56.0, 88.4
27.2, 56.2, 88.5
27.2, 56.4, 88.4
27.2, 56.5, 88.4
27.2, 56.4, 88.5
27.2, 56.6, 88.5
27.2, 56.0, 88.4
27.2, 56.5, 88.4
27.2, 56.4, 88.5
27.2, 56.1, 88.5
27.2, 55.7, 88.4
27.2, 55.8, 88.4
27.2, 55.5, 88.4
27.2, 55.3, 88.4
27.2, 55.1, 88.5
27.2, 54.9, 88.5
27.2, 55.0, 88.5
27.2, 55.1, 88.5
27.2, 55.0, 88.5
27.2, 54.9, 88.4
27.2, 54.8, 88.4
27.2, 54.9, 88.4
27.2, 55.0, 88.4
27.2, 55.0, 88.4
27.2, 55.2, 88.4
27.2, 55.3, 88.3
27.2, 55.1, 88.3
27.2, 55.1, 88.3
27.2, 55.0, 88.3
27.2, 55.1, 88.3
27.2, 55.4, 88.3
27.2, 55.7, 88.3
27.2, 55.9, 88.3
27.2, 55.9, 88.3
27.2, 55.6, 88.3
27.2, 55.4, 88.3
27.2, 55.4, 88.3
27.2, 55.4, 88.3
27.2, 55.5, 88.3
27.2, 55.4, 88.3
27.2, 55.3, 88.3
27.2, 55.4, 88.3
27.2, 55.5, 88.3
27.2, 55.8, 88.3
27.2, 55.8, 88.3
27.2, 56.1, 88.4
27.2, 55.7, 88.4
27.2, 55.6, 88.4
27.2, 55.7, 88.3
27.3, 55.7, 88.3
27.2, 55.6, 88.3
27.2, 55.6, 88.3
27.3, 55.5, 88.3
27.2, 55.7, 88.3
27.3, 55.9, 88.3
27.3, 56.4, 88.2
27.3, 56.7, 88.2
27.3, 57.0, 88.2
27.3, 57.1, 88.2
27.3, 57.2, 88.2
27.3, 56.9, 88.3
27.3, 56.9, 88.3
27.3, 56.5, 88.3
27.3, 56.4, 88.2
27.3, 56.3, 88.2
27.3, 56.2, 88.2
27.3, 56.1, 88.2
27.3, 56.0, 88.1
27.3, 55.9, 88.1
27.3, 55.9, 88.1
27.3, 55.9, 88.1
27.3, 55.9, 88.0
27.3, 55.9, 88.0
27.3, 55.9, 88.0
27.3, 55.8, 88.0
27.3, 55.9, 88.0
27.3, 55.9, 88.0
27.3, 55.9, 87.9
27.3, 55.8, 87.9
27.3, 55.8, 87.9
27.3, 55.9, 88.0
27.3, 56.0, 88.0
27.3, 56.0, 88.0
27.3, 56.1, 88.0
27.3, 56.1, 87.9
27.3, 56.1, 87.9
27.3, 56.1, 87.9
27.3, 56.1, 87.9
27.3, 56.1, 87.9
27.3, 56.2, 87.8
27.3, 56.2, 87.8
27.3, 56.2, 87.8
27.3, 56.3, 87.8
27.3, 56.4, 87.8
27.3, 56.5, 87.8
27.3, 56.6, 87.8
27.3, 56.6, 87.8
27.3, 56.6, 87.7
27.3, 56.5, 87.7
27.3, 56.5, 87.7
27.3, 56.5, 87.6
27.4, 56.5, 87.6
27.4, 56.5, 87.6
27.4, 56.4, 87.6
27.4, 56.4, 87.5
27.4, 56.4, 87.6
27.4, 56.4, 87.6
27.4, 56.5, 87.5
27.4, 56.5, 87.5
27.4, 56.5, 87.4
27.4, 56.4, 87.4
27.4, 56.4, 87.4
27.4, 56.5, 87.3
27.4, 56.5, 87.3
27.4, 56.4, 87.2
27.4, 56.4, 87.2
27.4, 56.5, 87.2
27.4, 56.6, 87.1
27.4, 56.6, 87.1
27.4, 56.6, 87.1
27.4, 56.6, 87.0
27.4, 56.5, 87.0
27.4, 56.6, 86.9
27.4, 56.6, 86.9
27.4, 56.6, 86.8
27.4, 56.7, 86.8
27.4, 56.6, 86.8
27.4, 56.5, 86.7
27.4, 56.0, 86.6
27.4, 55.1, 86.6
27.3, 54.6, 86.5
27.2, 54.7, 86.4
27.2, 54.2, 86.4
27.1, 54.2, 86.4
27.1, 54.4, 86.4
27.0, 54.5, 86.4
27.0, 54.6, 86.3
27.0, 54.6, 86.3
26.9, 54.8, 86.3
26.9, 54.9, 86.3
26.9, 54.9, 86.3
26.9, 54.8, 86.3
26.8, 54.7, 86.3
26.8, 54.6, 86.2
26.8, 54.7, 86.2
26.7, 54.7, 86.2
26.7, 54.7, 86.2
26.7, 54.7, 86.2
26.7, 54.7, 86.2
26.7, 54.9, 86.2
26.7, 55.3, 86.1
26.7, 55.1, 86.1
26.8, 55.5, 86.1
26.8, 55.1, 86.1
26.8, 54.9, 86.1
26.9, 54.6, 86.1
26.9, 54.4, 86.1
26.9, 54.0, 86.0
26.9, 53.9, 86.0
26.6, 54.1, 86.0
27.0, 53.8, 86.0
27.0, 53.7, 86.0
27.0, 53.5, 85.9
27.0, 53.6, 85.9
27.0, 53.3, 85.9
27.0, 53.4, 86.0
27.0, 53.5, 86.1
27.0, 53.6, 86.1
27.0, 52.9, 86.0
27.0, 52.9, 86.0
27.0, 53.8, 86.0
27.1, 53.9, 85.9
27.1, 53.7, 86.0
27.1, 54.0, 86.0
27.1, 53.4, 85.9
27.1, 53.1, 85.9
27.2, 53.0, 85.8
27.2, 52.7, 85.8
27.2, 52.5, 85.8
27.2, 52.6, 85.7
27.2, 52.5, 85.7
27.2, 52.3, 85.7
27.3, 52.2, 85.7
27.3, 52.2, 85.6
27.3, 52.1, 85.6
27.3, 51.7, 85.5
27.3, 51.7, 85.5
27.3, 51.2, 85.4
27.3, 50.8, 85.4
27.3, 50.7, 85.3
27.3, 50.8, 85.3
27.2, 51.0, 85.3
27.2, 50.9, 85.2
27.2, 51.1, 85.2
27.2, 51.2, 85.1
27.2, 51.2, 85.1
27.3, 51.5, 85.1
27.3, 51.6, 85.0
27.3, 51.8, 85.0
27.3, 51.5, 84.9
27.3, 51.2, 84.9
27.3, 50.9, 84.8
27.3, 50.8, 84.8
27.4, 50.8, 84.7
27.4, 50.9, 84.7
27.4, 50.8, 84.6
27.4, 50.7, 84.5
27.4, 50.9, 84.4
27.4, 51.2, 84.4
27.4, 51.2, 84.3
27.5, 51.1, 84.2
27.5, 51.0, 84.1
27.5, 51.1, 84.0
27.5, 50.7, 83.9
27.5, 50.6, 83.9
27.5, 50.7, 83.8
27.5, 50.6, 83.8
27.6, 50.4, 83.7
27.6, 50.5, 83.6
27.6, 50.2, 83.4
27.6, 49.7, 83.4
27.6, 49.7, 83.3
27.6, 49.7, 83.2
27.5, 49.8, 83.1
27.5, 49.5, 83.0
27.5, 49.4, 83.0
27.5, 49.4, 82.9
27.5, 49.2, 82.9
27.5, 49.1, 82.8
27.5, 49.1, 82.7
27.5, 48.9, 82.7
27.5, 49.3, 82.7
27.5, 49.1, 82.6
27.4, 49.4, 82.6
27.4, 49.6, 82.6
27.4, 49.5, 82.6
27.4, 49.6, 82.6
27.4, 49.7, 82.5
27.4, 49.7, 82.4
27.4, 49.4, 82.4
27.4, 49.3, 82.4
27.4, 49.7, 82.3
27.4, 50.4, 82.3
27.4, 50.5, 82.2
27.4, 49.8, 82.1
27.4, 49.7, 82.1
27.4, 49.4, 82.1
27.4, 49.6, 81.9
27.4, 49.6, 81.9
27.4, 49.5, 81.9
27.3, 49.7, 81.9
27.3, 49.8, 81.9
27.3, 49.5, 81.8
27.3, 49.6, 81.7
27.3, 49.8, 81.7
27.3, 49.8, 81.7
27.2, 49.6, 81.7
27.2, 49.4, 81.6
27.2, 49.7, 81.6
27.2, 49.7, 81.6
27.2, 49.6, 81.5
27.2, 49.5, 81.5
27.1, 49.7, 81.5
27.1, 50.0, 81.5
27.1, 50.2, 81.4
27.1, 50.4, 81.5
27.1, 50.4, 81.4
27.0, 50.3, 81.5
27.0, 50.4, 81.5
27.0, 50.6, 81.4
26.9, 50.6, 81.4
26.9, 50.5, 81.4
26.7, 50.9, 81.3
26.9, 50.5, 81.3
26.9, 50.6, 81.2
26.9, 50.5, 81.1
26.8, 50.7, 81.1
26.9, 50.6, 81.0
26.9, 50.3, 80.9
26.9, 50.4, 80.8
26.8, 50.4, 80.8
26.9, 50.2, 80.6
26.8, 50.2, 80.6
26.8, 50.3, 80.6
26.8, 50.2, 80.5
26.9, 50.3, 80.4
26.9, 50.1, 80.4
26.9, 49.5, 80.3
26.9, 49.3, 80.2
26.9, 49.3, 80.2
26.9, 49.3, 80.1
26.9, 49.5, 80.0
26.9, 49.7, 80.0
26.9, 49.9, 79.9
26.9, 50.2, 79.8
26.9, 50.6, 79.6
26.9, 50.7, 79.5
26.9, 50.8, 79.5
26.9, 50.8, 79.4
26.9, 50.5, 79.3
27.0, 50.3, 79.2
27.0, 50.1, 79.1
27.0, 49.9, 79.1
27.0, 49.8, 79.1
27.0, 49.8, 79.1
27.1, 50.0, 79.0
27.1, 49.7, 78.9
27.1, 49.4, 78.9
27.1, 49.5, 78.8
27.1, 49.4, 78.8
27.2, 49.2, 78.7
27.2, 49.3, 78.6
27.2, 49.3, 78.6
27.2, 49.7, 78.5
27.2, 49.7, 78.5
27.2, 49.6, 78.4
27.2, 49.3, 78.4
27.2, 49.0, 78.4
27.2, 48.9, 78.3
27.1, 49.1, 78.2
27.1, 49.1, 78.2
27.0, 49.1, 78.1
27.0, 49.2, 78.1
26.9, 49.4, 78.0
26.9, 49.7, 78.0
26.8, 50.1, 77.9
26.8, 50.1, 77.9
26.8, 50.1, 77.8
26.8, 50.0, 77.7
26.7, 50.1, 77.7
26.7, 50.2, 77.7
26.7, 50.4, 77.7
26.6, 50.6, 77.6
26.6, 50.8, 77.5
26.6, 50.9, 77.5
26.6, 51.2, 77.4
26.6, 51.4, 77.4
26.5, 51.6, 77.4
26.5, 51.6, 77.3
26.5, 51.6, 77.3
26.5, 51.7, 77.3
26.5, 51.8, 77.3
26.5, 52.0, 77.3
26.5, 52.1, 77.2
26.4, 52.3, 77.2
26.5, 52.2, 77.1
26.5, 52.5, 77.1
26.5, 52.4, 77.0
26.5, 52.3, 77.0
26.5, 52.2, 77.0
26.5, 52.1, 76.9
26.5, 52.1, 76.9
26.5, 52.2, 76.9
26.5, 52.3, 76.8
26.5, 52.3, 76.8
26.5, 52.2, 76.7
26.5, 52.4, 76.7
26.4, 52.4, 76.7
26.5, 52.4, 76.7
26.5, 52.5, 76.6
26.5, 52.4, 76.6
26.5, 52.4, 76.6
26.5, 52.6, 76.5
26.5, 52.8, 76.5
26.5, 52.9, 76.5
26.5, 52.6, 76.4
26.5, 52.4, 76.4
26.5, 52.1, 76.3
26.5, 51.8, 76.3
26.5, 52.1, 76.3
26.5, 52.2, 76.3
26.5, 52.1, 76.3
26.5, 51.9, 76.4
26.5, 51.8, 76.3
26.5, 51.9, 76.3
26.4, 52.0, 76.3
26.4, 52.3, 76.2
26.4, 52.4, 76.2
26.5, 52.4, 76.2
26.5, 52.0, 76.1
26.4, 52.3, 76.1
26.5, 52.3, 76.1
26.4, 52.2, 76.1
26.4, 52.6, 76.0
26.4, 52.9, 76.0
26.5, 52.8, 76.0
26.5, 52.4, 76.0
26.5, 52.0, 76.0
26.5, 51.8, 75.9
26.5, 52.4, 75.9
26.5, 52.8, 75.8
26.5, 52.9, 75.8
26.5, 53.1, 75.8
26.5, 52.8, 75.7
26.5, 52.8, 75.6
26.6, 52.6, 75.6
26.3, 53.1, 75.6
26.5, 53.8, 75.5
26.6, 54.3, 75.5
26.6, 53.3, 75.4
26.6, 53.4, 75.4
26.6, 53.6, 75.5
26.6, 54.4, 75.5
26.7, 53.9, 75.4
26.7, 54.3, 75.4
26.7, 53.8, 75.4
26.8, 53.2, 75.4
26.8, 53.2, 75.3
26.9, 53.6, 75.4
26.9, 53.1, 75.4
26.9, 53.0, 75.3
26.9, 52.7, 75.3
26.9, 52.4, 75.2
27.0, 51.4, 75.2
27.0, 51.5, 75.2
27.0, 51.4, 75.1
27.0, 51.0, 75.1
26.9, 50.8, 75.0
26.9, 51.0, 75.0
26.9, 51.0, 75.0
26.9, 50.9, 75.0
26.9, 50.5, 75.0
26.9, 50.9, 74.9
26.9, 50.6, 74.9
26.9, 51.2, 74.9
26.9, 51.1, 74.9
26.9, 50.8, 74.8
26.9, 50.6, 74.8
26.9, 51.1, 74.8
26.9, 51.4, 74.7
26.9, 51.0, 74.7
26.9, 51.3, 74.7
26.9, 51.7, 74.7
26.9, 51.3, 74.6
26.9, 51.1, 74.6
26.9, 51.4, 74.6
26.9, 51.6, 74.6
26.9, 51.7, 74.6
26.9, 51.5, 74.5
26.9, 51.8, 74.5
26.9, 51.4, 74.5
26.9, 51.0, 74.4
26.9, 50.9, 74.4
26.9, 51.0, 74.4
26.9, 51.9, 74.5
27.0, 51.4, 74.4
27.0, 50.7, 74.4
27.0, 50.7, 74.4
27.0, 50.8, 74.4
27.0, 50.6, 74.4
27.0, 50.6, 74.3
27.0, 50.6, 74.3
27.0, 50.6, 74.3
27.0, 50.8, 74.3
27.0, 50.9, 74.3
27.0, 50.9, 74.3
26.9, 51.0, 74.2
26.9, 51.2, 74.2
26.9, 51.3, 74.2
26.9, 51.2, 74.1
26.9, 51.4, 74.1
26.9, 51.9, 74.1
26.9, 52.2, 74.1
26.9, 52.3, 74.1
26.9, 52.1, 74.1
26.9, 51.7, 74.1
26.9, 51.8, 74.0
26.9, 52.0, 74.0
26.8, 52.2, 74.0
26.8, 52.3, 74.0
26.8, 52.0, 74.0
26.8, 51.9, 74.0
26.8, 52.4, 74.0
26.8, 52.2, 73.9
26.8, 52.0, 73.9
26.8, 52.0, 73.9
26.8, 51.8, 73.9
26.8, 51.9, 73.9
26.8, 52.0, 73.9
26.7, 52.1, 73.9
26.7, 52.0, 73.9
26.7, 52.0, 73.9
26.7, 52.3, 73.9
26.7, 52.4, 73.9
26.6, 52.5, 74.2
26.6, 52.4, 74.4
26.6, 52.3, 74.2
26.4, 52.4, 74.3
26.6, 51.8, 74.5
26.6, 51.6, 74.5
26.6, 51.5, 74.5
26.6, 51.7, 74.5
26.6, 51.8, 74.4
26.7, 52.0, 74.4
26.7, 51.9, 74.4
26.7, 52.2, 74.3
26.7, 52.2, 74.3
26.7, 51.9, 74.3
26.7, 51.9, 74.3
26.7, 52.1, 74.2
26.7, 52.1, 74.2
26.7, 52.1, 74.2
26.7, 52.2, 74.2
26.7, 52.1, 74.2
26.7, 51.9, 74.1
26.7, 52.0, 74.1
26.6, 51.8, 74.2
26.7, 51.9, 74.2
26.7, 51.9, 74.2
26.7, 51.9, 74.2
26.7, 51.8, 74.1
26.7, 51.7, 74.1
26.7, 51.8, 74.1
26.8, 51.7, 74.1
26.8, 51.8, 74.1
26.8, 51.6, 74.1
26.8, 51.5, 74.1
26.9, 51.5, 74.1
26.9, 51.4, 74.1
26.9, 51.2, 74.1
26.9, 51.1, 74.1
26.9, 50.9, 74.1
26.9, 50.9, 74.0
26.9, 50.8, 74.0
26.9, 50.9, 74.0
26.9, 50.8, 74.0
26.9, 50.7, 74.0
26.9, 50.6, 74.0
26.9, 50.8, 74.0
26.9, 50.8, 74.0
26.9, 50.8, 74.0
26.9, 50.7, 74.0
26.9, 50.8, 74.0
26.9, 50.9, 74.0
26.9, 50.9, 74.0
26.9, 50.6, 74.0
26.7, 51.0, 74.0
26.9, 50.5, 74.0
26.8, 50.5, 73.9
26.9, 50.5, 73.9
26.8, 50.2, 73.9
26.8, 50.3, 73.9
26.8, 50.4, 73.9
26.8, 50.6, 73.9
26.8, 50.7, 73.9
26.6, 51.3, 73.9
26.8, 50.8, 73.9
26.8, 50.7, 73.8
26.8, 50.7, 73.8
26.8, 50.6, 73.8
26.8, 50.7, 73.8
26.8, 50.8, 73.8
26.8, 50.5, 73.8
26.8, 50.8, 73.8
26.8, 50.7, 73.8
26.8, 50.9, 73.8
26.8, 50.8, 73.8
26.8, 50.8, 73.8
26.7, 51.1, 73.8
26.7, 51.3, 73.8
26.7, 51.3, 73.8
26.7, 51.2, 73.7
26.7, 51.1, 73.7
26.5, 51.6, 73.6
26.7, 51.3, 73.6
26.7, 51.5, 73.6
26.7, 51.6, 73.7
26.7, 51.6, 73.6
26.7, 51.8, 73.6
26.6, 52.0, 73.6
26.6, 52.3, 73.6
26.6, 52.4, 73.6
26.6, 52.3, 73.6
26.6, 52.3, 73.7
26.6, 52.3, 73.6
26.6, 52.3, 73.6
26.6, 52.4, 73.6
26.6, 52.3, 73.6
26.6, 52.3, 73.5
26.6, 52.5, 73.5
26.6, 52.7, 73.5
26.6, 52.7, 73.5
26.6, 52.6, 73.5
26.6, 52.7, 73.5
26.6, 52.8, 73.4
26.5, 53.5, 73.4
26.7, 52.8, 73.4
26.7, 52.5, 73.4
26.6, 52.4, 73.4
26.6, 52.3, 73.4
26.6, 52.5, 73.4
26.6, 52.3, 73.4
26.6, 52.3, 73.4
26.6, 52.4, 73.4
26.5, 52.5, 73.3
26.5, 52.7, 73.3
26.5, 53.0, 73.3
26.5, 53.0, 73.3
26.5, 52.9, 73.3
26.5, 52.8, 73.2
26.5, 52.8, 73.2
26.5, 53.0, 73.3
26.5, 53.3, 73.3
26.4, 53.2, 73.3
26.4, 53.1, 73.2
26.4, 53.1, 73.2
26.4, 53.0, 73.2
26.4, 52.8, 73.2
26.3, 52.9, 73.2
26.3, 53.1, 73.1
26.3, 53.1, 73.1
26.2, 53.3, 73.1
26.3, 53.2, 73.1
26.3, 53.2, 73.1
26.2, 53.3, 73.1
26.2, 53.4, 73.1
26.2, 53.4, 73.1
26.2, 53.6, 73.1
26.2, 53.6, 73.0
26.3, 53.8, 73.0
26.3, 54.3, 73.0
26.3, 54.3, 73.0
26.3, 54.1, 73.0
26.3, 54.2, 73.5
26.3, 54.2, 73.7
26.4, 53.7, 73.7
26.4, 53.5, 73.6
26.4, 53.5, 73.5
26.4, 53.6, 73.5
26.4, 53.6, 73.4
26.4, 53.4, 73.4
26.4, 53.6, 73.3
26.4, 53.6, 73.3
26.5, 53.4, 73.3
26.5, 53.6, 73.2
26.5, 53.7, 73.2
26.5, 53.7, 73.2
26.5, 54.0, 73.1
26.5, 53.9, 73.1
26.5, 53.4, 73.0
26.5, 53.1, 73.0
26.5, 53.1, 73.0
26.4, 53.3, 73.0
26.4, 53.5, 73.0
26.4, 53.3, 73.0
26.4, 53.3, 73.0
26.4, 53.1, 73.0
26.4, 53.0, 72.9
26.5, 52.7, 72.9
26.4, 52.6, 72.9
26.4, 52.4, 72.9
26.4, 52.1, 72.9
26.4, 51.9, 72.9
26.4, 51.7, 72.9
26.4, 51.6, 73.1
26.4, 51.7, 72.8
26.4, 51.7, 72.8
26.4, 51.8, 72.7
26.4, 51.9, 72.7
26.4, 52.5, 72.7
26.4, 52.6, 72.7
26.4, 52.4, 72.7
26.4, 52.6, 72.7
26.4, 52.6, 72.7
26.2, 52.6, 72.7
26.4, 52.2, 72.7
26.4, 52.2, 72.7
26.3, 52.5, 72.6
26.3, 52.6, 72.6
26.3, 52.4, 72.6
26.3, 52.6, 72.6
26.3, 52.6, 72.6
26.3, 52.7, 72.6
26.4, 52.5, 72.5
26.4, 52.3, 72.5
26.3, 52.6, 72.5
26.3, 52.6, 72.5
26.3, 52.6, 72.5
26.3, 52.6, 72.5
26.3, 52.5, 72.4
26.4, 52.4, 72.4
26.2, 52.6, 72.5
26.4, 52.1, 72.5
26.4, 52.3, 72.4
26.4, 52.3, 72.4
26.4, 52.6, 72.4
26.4, 53.0, 72.4
26.4, 53.2, 72.4
26.4, 53.4, 72.3
26.4, 53.3, 72.4
26.4, 53.2, 72.3
26.4, 52.9, 72.3
26.4, 52.8, 72.3
26.4, 52.8, 72.3
26.3, 52.9, 72.3
26.3, 53.1, 72.3
26.3, 53.1, 72.2
26.3, 53.3, 72.3
26.3, 53.4, 72.3
26.3, 53.4, 72.3
26.3, 53.3, 72.3
26.3, 53.2, 72.3
26.3, 53.2, 72.2
26.3, 53.3, 72.2
26.3, 53.3, 72.2
26.3, 53.4, 72.2
26.2, 53.3, 72.1
26.2, 53.3, 72.1
26.2, 53.4, 72.1
26.2, 53.4, 72.1
26.2, 53.4, 72.1
26.2, 53.3, 72.1
26.1, 53.2, 72.1
26.1, 53.2, 72.1
26.1, 53.2, 72.0
26.1, 53.4, 72.1
26.1, 53.5, 72.1
26.1, 53.6, 72.0
26.1, 53.6, 72.0
26.1, 53.7, 72.0
26.0, 53.9, 72.0
26.1, 53.7, 72.0
26.0, 53.9, 72.0
26.0, 53.9, 72.0
26.1, 53.9, 72.0
26.1, 53.9, 72.0
26.1, 54.0, 72.0
26.1, 53.9, 72.0
26.1, 53.9, 71.9
26.1, 53.9, 71.9
26.1, 53.9, 71.9
26.1, 53.9, 71.9
26.1, 53.9, 71.9
26.1, 54.0, 71.9
26.1, 54.0, 71.9
26.1, 53.9, 71.9
26.1, 53.7, 71.9
26.1, 53.8, 71.9
26.1, 54.1, 71.9
26.1, 54.3, 71.8
26.1, 54.4, 71.8
26.1, 54.6, 71.8
26.1, 54.6, 71.9
26.2, 54.1, 71.8
26.2, 53.7, 71.9
26.2, 53.6, 71.9
26.2, 53.5, 71.9
26.2, 53.4, 71.8
26.2, 53.3, 71.8
26.3, 53.5, 71.8
26.3, 53.6, 71.8
26.3, 53.5, 71.8
26.3, 53.6, 71.8
26.3, 53.7, 71.8
26.3, 53.8, 71.8
26.3, 53.5, 71.8
26.3, 53.3, 71.7
26.3, 53.3, 71.7
26.3, 53.5, 71.7
26.3, 53.6, 71.7
26.3, 53.5, 71.7
26.3, 53.6, 71.7
26.3, 53.4, 71.6
26.3, 53.4, 71.6
26.3, 53.4, 71.6
26.3, 53.4, 71.6
26.3, 53.5, 71.6
26.2, 53.5, 71.6
26.2, 53.7, 71.6
26.2, 53.6, 71.6
26.2, 53.5, 71.6
26.3, 53.5, 71.6
26.3, 53.9, 71.6
26.2, 53.7, 71.5
26.2, 54.1, 71.5
26.2, 53.9, 71.5
26.3, 53.9, 71.5
26.2, 53.8, 71.5
26.2, 53.7, 71.5
26.2, 53.6, 71.5
26.2, 53.3, 71.5
26.0, 53.5, 71.5
26.1, 53.4, 71.5
26.0, 53.7, 71.5
26.1, 53.5, 71.5
26.1, 53.5, 71.5
26.1, 53.6, 71.5
26.1, 53.6, 71.5
26.1, 53.7, 71.5
26.1, 53.7, 71.5
26.1, 53.9, 71.5
26.1, 53.9, 71.5
26.1, 54.0, 71.4
26.1, 53.9, 71.4
26.1, 54.0, 71.5
26.1, 54.0, 71.4
26.1, 54.0, 71.4
26.1, 54.2, 71.4
26.1, 54.2, 71.4
26.1, 54.2, 71.4
26.1, 54.3, 71.3
26.1, 54.3, 71.3
26.1, 54.4, 71.3
26.1, 54.4, 71.3
26.1, 54.3, 71.3
26.1, 54.2, 71.3
26.1, 54.2, 71.2
26.1, 54.2, 71.2
26.1, 54.3, 71.2
26.1, 54.4, 71.3
26.1, 54.5, 71.2
26.1, 54.5, 71.3
26.1, 54.7, 71.3
26.0, 55.1, 71.3
26.1, 55.2, 71.3
26.1, 55.3, 71.3
26.2, 55.3, 71.3
26.2, 55.4, 71.3
26.2, 55.1, 71.3
26.3, 54.7, 71.3
26.3, 54.4, 71.3
26.3, 54.5, 71.2
26.3, 54.8, 71.2
26.4, 55.3, 71.2
26.4, 54.7, 71.2
26.4, 54.3, 71.2
26.5, 53.9, 71.2
26.5, 53.7, 71.2
26.5, 53.2, 71.2
26.5, 52.9, 71.3
26.5, 52.6, 71.2
26.4, 52.9, 71.2
26.4, 53.1, 71.2
26.4, 53.1, 71.2
26.4, 53.1, 71.2
26.4, 52.8, 71.1
26.4, 52.6, 71.2
26.4, 52.7, 71.2
26.4, 52.5, 71.2
26.4, 52.6, 71.3
26.4, 52.6, 71.3
26.3, 52.6, 71.3
26.3, 52.8, 71.2
26.3, 53.0, 71.2
26.3, 53.9, 71.2
26.3, 53.9, 71.2
26.3, 54.1, 71.2
26.3, 54.0, 71.2
26.3, 53.6, 71.2
26.3, 53.3, 71.2
26.3, 53.4, 71.2
26.3, 53.3, 71.2
26.3, 53.3, 71.2
26.3, 53.1, 71.2
26.2, 53.1, 71.2
26.2, 53.1, 71.2
26.2, 53.3, 71.2
26.2, 53.6, 71.2
26.2, 53.6, 71.2
26.2, 53.7, 71.2
26.2, 53.7, 71.2
26.2, 53.6, 71.2
26.2, 53.5, 71.2
26.2, 53.6, 71.2
26.1, 53.9, 71.2
26.1, 54.1, 71.2
26.1, 54.0, 71.2
26.1, 53.9, 71.2
26.1, 54.1, 71.2
26.1, 54.0, 71.2
26.1, 54.1, 71.2
26.1, 54.1, 71.2
26.1, 54.0, 71.2
26.1, 54.1, 71.2
26.0, 54.3, 71.2
26.0, 54.4, 71.2
26.0, 54.4, 71.2
26.0, 54.4, 71.1
26.0, 54.6, 71.1
26.0, 54.7, 71.1
26.0, 54.5, 71.1
25.9, 54.3, 71.1
25.9, 54.3, 71.1
25.9, 54.4, 71.1
25.9, 55.0, 71.0
25.9, 55.2, 71.1
25.9, 54.8, 71.1
25.9, 54.7, 71.1
25.9, 54.8, 71.1
25.9, 54.5, 71.0
25.9, 54.4, 71.0
25.9, 54.2, 71.0
25.9, 54.1, 71.0
25.9, 54.1, 71.0
25.8, 54.1, 71.1
25.8, 54.1, 71.1
25.8, 54.0, 71.0
25.8, 53.9, 71.1
25.8, 53.9, 71.1
25.8, 53.8, 71.1
25.8, 53.9, 71.1
25.8, 53.9, 71.1
25.8, 54.0, 71.1
25.8, 54.2, 71.1
25.8, 54.3, 71.1
25.7, 55.0, 71.1
25.7, 55.7, 71.1
25.7, 55.9, 71.0
25.6, 55.6, 71.0
25.6, 55.6, 71.0
25.6, 55.1, 71.0
25.6, 55.1, 71.0
25.6, 55.0, 71.0
25.7, 55.1, 71.1
25.7, 54.9, 71.1
25.7, 55.0, 71.2
25.8, 55.0, 71.2
25.8, 54.9, 71.2
25.8, 54.9, 71.2
25.8, 54.9, 71.5
25.8, 55.0, 71.5
25.8, 55.0, 71.5
25.8, 54.8, 71.5
25.8, 54.7, 71.5
25.8, 54.6, 71.4
25.8, 54.7, 71.4
25.8, 54.7, 71.4
25.8, 54.7, 71.4
25.8, 54.7, 71.4
25.8, 54.8, 71.4
25.7, 55.0, 71.4
25.7, 55.2, 71.3
25.7, 55.4, 71.3
25.7, 55.4, 71.3
25.7, 55.4, 71.3
25.7, 55.4, 71.3
25.7, 55.5, 71.3
25.7, 55.6, 71.3
25.7, 55.4, 71.3
25.7, 55.4, 71.3
25.7, 55.5, 71.3
25.7, 55.4, 71.3
25.7, 55.5, 71.3
25.7, 56.0, 71.3
25.7, 56.4, 71.2
25.7, 56.1, 71.2
25.7, 55.8, 71.3
25.7, 55.6, 71.2
25.7, 55.5, 71.2
25.7, 55.5, 71.2
25.7, 55.7, 71.3
25.7, 56.1, 71.3
25.7, 56.1, 71.2
25.7, 55.9, 71.2
25.7, 56.1, 71.2
25.6, 55.9, 71.2
25.7, 55.8, 71.2
25.6, 55.7, 71.2
25.7, 55.5, 71.2
25.6, 55.7, 71.2
25.7, 55.8, 71.2
25.6, 55.5, 71.2
25.7, 55.4, 71.1
25.7, 55.3, 71.1
25.7, 55.3, 71.1
25.7, 55.2, 71.1
25.7, 55.2, 71.1
25.7, 55.1, 71.1
25.7, 55.0, 71.1
25.7, 54.9, 71.1
25.7, 54.9, 71.1
25.7, 55.0, 71.1
25.7, 55.0, 71.1
25.7, 55.1, 71.1
25.7, 54.9, 71.1
25.7, 54.8, 71.1
25.7, 54.8, 71.0
25.7, 55.0, 71.0
25.8, 55.0, 71.0
25.8, 55.1, 71.0
25.8, 55.2, 72.8
25.8, 55.3, 78.4
25.8, 55.1, 77.6
25.8, 55.0, 77.1
25.8, 54.9, 76.7
25.8, 54.9, 76.4
25.8, 54.9, 76.1
25.8, 54.9, 75.9
25.8, 54.8, 75.7
25.8, 54.7, 75.5
25.8, 54.9, 75.3
25.8, 55.0, 75.2
25.8, 54.9, 75.1
25.8, 54.8, 74.9
25.8, 54.8, 74.8
25.8, 54.8, 74.7
25.8, 54.8, 74.6
25.8, 54.7, 74.5
25.7, 54.7, 74.5
25.7, 54.8, 74.4
25.7, 54.9, 74.3
25.7, 54.9, 74.2
25.7, 55.0, 74.2
25.7, 54.8, 74.1
25.7, 54.8, 74.1
25.7, 54.8, 74.0
25.7, 55.0, 74.0
25.7, 55.1, 73.9
25.7, 54.9, 73.9
25.7, 54.8, 73.8
25.7, 54.8, 73.8
25.6, 54.8, 73.7
25.6, 54.9, 73.7
25.6, 55.0, 73.6
25.6, 55.1, 73.6
25.6, 54.9, 73.5
25.6, 54.9, 73.5
25.6, 54.8, 73.4
25.6, 54.8, 73.4
25.6, 54.8, 73.4
25.6, 54.8, 73.3
25.6, 54.8, 73.3
25.6, 54.8, 73.2
25.6, 54.9, 73.2
25.6, 54.9, 73.2
25.6, 55.0, 73.2
25.6, 54.9, 73.2
25.6, 54.9, 73.2
25.6, 54.9, 73.2
25.6, 54.9, 73.1
25.6, 54.9, 73.1
25.6, 54.8, 73.1
25.6, 54.8, 73.0
25.6, 54.6, 73.0
25.6, 54.6, 72.9
25.6, 54.6, 72.9
25.6, 54.6, 72.9
25.6, 54.6, 72.9
25.6, 54.5, 72.9
25.6, 54.5, 72.8
25.6, 54.5, 72.8
25.6, 54.4, 72.8
25.6, 54.5, 72.7
25.5, 54.6, 72.7
25.6, 54.6, 72.7
25.6, 54.6, 72.6
25.6, 54.6, 72.6
25.6, 54.6, 72.6
25.6, 54.6, 72.6
25.6, 54.6, 72.5
25.6, 54.6, 72.5
25.6, 54.6, 72.5
25.6, 54.7, 72.5
25.6, 54.7, 72.5
25.5, 54.8, 72.5
25.5, 54.9, 72.5
25.5, 55.1, 72.5
25.5, 55.1, 72.4
25.5, 55.2, 72.4
25.5, 55.3, 72.4
25.5, 55.3, 72.4
25.5, 55.6, 72.3
25.5, 55.5, 72.3
25.5, 55.5, 72.3
25.5, 55.5, 72.3
25.5, 55.4, 72.3
25.4, 55.3, 72.3
25.5, 55.5, 72.3
25.5, 55.4, 72.3
25.5, 55.4, 72.2
25.4, 55.4, 72.2
25.5, 55.5, 72.2
25.4, 55.6, 72.2
25.4, 55.6, 72.2
25.4, 55.7, 72.2
25.4, 55.9, 72.1
25.4, 56.3, 72.1
25.4, 56.2, 72.1
25.4, 56.0, 72.1
25.5, 56.1, 72.1
25.5, 56.0, 72.1
25.6, 55.9, 72.1
25.6, 55.8, 72.1
25.7, 55.6, 72.1
25.7, 55.5, 72.1
25.8, 55.4, 72.1
25.7, 55.1, 72.0
25.9, 55.0, 72.0
25.9, 54.9, 72.0
25.9, 54.8, 72.0
26.0, 54.8, 72.0
26.0, 54.8, 72.0
26.0, 54.8, 72.0
26.1, 54.7, 72.1
26.1, 54.7, 72.1
26.1, 54.5, 72.1
26.1, 54.4, 72.1
26.1, 54.4, 72.1
26.2, 54.4, 72.1
26.2, 54.3, 72.1
26.2, 54.3, 72.1
26.2, 54.2, 72.1
26.2, 54.2, 72.0
26.2, 54.3, 72.0
26.3, 54.2, 72.0
26.3, 54.2, 72.0
26.3, 54.2, 71.9
26.3, 54.1, 71.9
26.3, 54.1, 71.9
26.3, 54.2, 71.9
26.3, 54.1, 71.9
26.3, 54.2, 71.9
26.3, 54.2, 71.9
26.3, 54.3, 71.9
26.3, 54.2, 71.9
26.4, 54.3, 71.9
26.4, 54.3, 71.9
26.4, 54.2, 71.8
26.4, 54.2, 71.8
26.4, 54.2, 71.8
26.4, 54.1, 71.8
26.4, 54.1, 71.8
26.4, 54.1, 71.8
26.4, 54.0, 71.8
26.4, 54.2, 71.8
26.4, 54.3, 71.8
26.4, 54.4, 71.8
26.5, 54.4, 71.8
26.5, 54.5, 71.8
26.5, 54.4, 71.8
26.5, 54.2, 71.7
26.5, 54.1, 71.7
26.5, 54.1, 71.7
26.5, 54.0, 71.7
26.5, 54.0, 71.7
26.5, 54.1, 71.6
26.5, 54.0, 71.6
26.5, 54.0, 71.6
26.6, 54.0, 71.6
26.6, 54.1, 71.6
26.6, 54.1, 71.6
26.6, 54.0, 71.6
26.6, 54.2, 71.6
26.6, 54.1, 71.6
26.6, 54.2, 71.6
26.6, 54.2, 71.6
26.6, 54.2, 71.6
26.6, 54.2, 71.6
26.6, 54.3, 71.6
26.6, 54.3, 71.6
26.6, 54.2, 71.6
26.6, 54.2, 71.6
26.4, 54.3, 71.6
26.6, 54.3, 71.6
26.6, 54.3, 71.6
26.6, 54.2, 71.6
26.6, 54.1, 71.6
26.6, 54.3, 71.6
26.6, 54.5, 71.6
26.6, 54.4, 71.6
26.6, 54.4, 71.6
26.6, 54.4, 71.6
26.6, 54.4, 71.6
26.6, 54.4, 71.6
26.6, 54.4, 71.6
26.6, 54.3, 71.6
26.6, 54.3, 71.6
26.4, 54.4, 71.6
26.6, 54.2, 71.6
26.6, 54.2, 71.6
26.6, 54.3, 71.6
26.6, 54.5, 71.5
26.6, 54.4, 71.6
26.6, 54.3, 71.6
26.6, 54.3, 71.6
26.6, 54.3, 71.6
26.6, 54.3, 71.5
26.6, 54.3, 71.5
26.6, 54.4, 71.5
26.6, 54.4, 71.5
26.6, 54.3, 71.5
26.6, 54.5, 71.5
26.6, 54.5, 71.5
26.6, 54.5, 71.5
26.6, 54.5, 71.5
26.6, 54.5, 71.5
26.6, 54.5, 71.5
26.6, 54.6, 71.4
26.6, 54.6, 71.5
26.6, 54.7, 71.4
26.6, 54.7, 71.4
26.6, 54.7, 71.4
26.6, 54.8, 71.5
26.4, 55.0, 71.5
26.5, 55.3, 71.5
26.6, 55.6, 71.5
26.6, 55.4, 71.5
26.6, 55.2, 71.5
26.6, 55.1, 71.5
26.6, 55.1, 71.5
26.6, 55.1, 71.5
26.6, 55.1, 71.4
26.6, 55.0, 71.5
26.6, 55.0, 71.5
26.6, 55.1, 71.5
26.6, 55.0, 71.5
26.6, 55.1, 71.5
26.6, 55.1, 71.4
26.6, 55.0, 71.4
26.6, 55.0, 71.4
26.6, 55.0, 71.4
26.6, 55.1, 71.4
26.6, 55.0, 71.4
26.6, 54.9, 71.4
26.6, 55.0, 71.4
26.6, 55.1, 71.4
26.6, 55.1, 71.4
26.6, 55.1, 71.4
26.6, 55.1, 71.4
26.6, 55.0, 71.4
26.6, 55.0, 71.4
26.6, 55.0, 71.4
26.6, 54.9, 71.3
26.6, 54.9, 71.3
26.6, 54.9, 71.3
26.4, 54.9, 71.3
26.6, 55.0, 71.3
26.6, 55.0, 71.4
26.6, 54.9, 71.3
26.6, 54.9, 71.3
26.6, 54.9, 71.3
26.6, 54.9, 71.4
26.6, 54.8, 71.4
26.6, 54.9, 71.4
26.6, 54.9, 71.4
26.6, 54.9, 71.4
26.6, 54.8, 71.4
26.6, 54.8, 71.4
26.6, 54.7, 71.4
26.6, 54.7, 71.4
26.6, 54.7, 71.4
26.6, 54.7, 71.4
26.6, 54.7, 71.4
26.6, 54.7, 71.4
26.6, 54.7, 71.4
26.6, 54.7, 71.4
26.6, 54.6, 71.4
26.6, 54.6, 71.4
26.6, 54.6, 71.4
26.6, 54.7, 71.4
26.6, 54.8, 71.4
26.6, 54.7, 71.4
26.6, 54.7, 71.4
26.6, 54.6, 71.4
26.6, 54.6, 71.4
26.6, 54.6, 71.4
26.6, 54.6, 71.4
26.6, 54.6, 71.4
26.6, 54.6, 71.4
26.6, 54.6, 71.4
26.6, 54.6, 71.4
26.6, 54.7, 71.4
26.6, 54.7, 71.4
26.6, 54.7, 71.4
26.6, 54.8, 71.4
26.6, 54.8, 71.4
26.6, 54.9, 71.4
26.6, 55.3, 71.4
26.6, 56.2, 71.4
26.6, 56.1, 71.4
26.6, 55.7, 71.4
26.6, 55.5, 71.5
26.6, 55.5, 71.5
26.6, 55.4, 71.4
26.6, 55.4, 71.4
26.6, 55.5, 71.4
26.6, 55.5, 71.4
26.6, 55.5, 71.4
26.6, 55.5, 71.4
26.6, 55.6, 71.4
26.6, 55.6, 71.4
26.6, 55.5, 71.4
26.6, 55.6, 71.4
26.6, 55.7, 71.4
26.6, 55.8, 71.4
26.6, 55.9, 71.4
26.6, 55.9, 71.4
26.6, 55.9, 71.4
26.6, 56.0, 71.4
26.6, 56.1, 71.4
26.6, 56.1, 71.4
26.7, 56.1, 71.4
26.7, 56.1, 71.4
26.7, 56.2, 71.7
26.7, 56.2, 71.8
26.7, 56.3, 71.6
26.7, 56.5, 71.5
26.7, 56.4, 71.5
26.7, 56.8, 71.5
26.7, 57.1, 71.5
26.7, 57.0, 71.5
26.7, 56.8, 71.5
26.7, 56.7, 71.4
26.7, 56.6, 71.4
26.7, 56.7, 71.4
26.7, 56.9, 71.4
26.7, 56.7, 71.4
26.7, 56.7, 71.4
26.7, 56.7, 71.4
26.7, 56.9, 71.4
26.7, 57.0, 71.4
26.7, 56.9, 71.4
26.7, 56.7, 71.4
26.7, 56.7, 71.4
26.7, 56.8, 71.4
26.7, 56.9, 71.4
26.7, 56.9, 71.4
26.7, 56.8, 71.4
26.7, 56.8, 71.4
26.7, 56.8, 71.5
26.7, 56.9, 71.5
26.7, 57.0, 71.5
26.7, 57.0, 71.5
26.7, 57.0, 71.5
26.7, 57.0, 71.5
26.7, 57.1, 71.5
26.7, 57.5, 71.5
26.7, 57.8, 71.5
26.7, 57.8, 71.5
26.7, 57.6, 71.5
26.7, 57.4, 71.5
26.7, 57.4, 71.6
26.7, 57.4, 71.5
26.7, 57.3, 71.5
26.7, 57.3, 71.5
26.7, 57.3, 71.5
26.7, 57.3, 71.5
26.7, 57.3, 71.5
26.7, 57.3, 71.5
26.7, 57.5, 71.5
26.8, 57.5, 71.5
26.8, 57.4, 71.5
26.8, 57.4, 71.5
26.8, 57.4, 71.5
26.8, 57.2, 71.4
26.8, 57.2, 71.4
26.8, 57.5, 71.4
26.7, 57.7, 71.4
26.7, 57.8, 71.4
26.7, 57.9, 71.8
26.7, 57.9, 71.6
26.7, 57.8, 71.5
26.8, 57.8, 71.5
26.8, 57.8, 71.5
26.8, 57.8, 71.5
26.8, 57.8, 71.5
26.8, 57.7, 71.5
26.8, 57.7, 71.5
26.8, 57.6, 71.5
26.7, 57.6, 71.5
26.7, 57.6, 71.5
26.7, 57.6, 71.5
26.7, 57.7, 71.5
26.7, 57.7, 71.5
26.7, 57.7, 71.5
26.7, 57.8, 71.5
26.6, 57.8, 71.5
26.6, 57.9, 71.5
26.6, 57.9, 71.5
26.6, 57.9, 71.5
26.6, 58.1, 71.5
26.6, 58.1, 71.5
26.6, 58.2, 71.6
26.6, 58.2, 71.6
26.6, 58.2, 71.6
26.6, 58.1, 71.6
26.6, 58.1, 71.6
26.6, 58.1, 71.6
26.6, 58.3, 71.6
26.7, 58.2, 71.6
26.7, 58.2, 71.6
26.7, 58.2, 71.6
26.7, 58.1, 71.6
26.7, 58.1, 71.6
26.7, 58.0, 71.6
26.7, 58.1, 71.6
26.7, 58.1, 71.6
26.7, 58.0, 71.6
26.7, 58.0, 71.6
26.7, 58.0, 71.6
26.7, 58.0, 71.6
26.7, 58.0, 71.5
26.7, 58.0, 71.6
26.7, 58.0, 71.6
26.7, 58.0, 71.6
26.7, 58.0, 71.6
26.7, 58.1, 71.6
26.7, 58.1, 71.7
26.7, 58.1, 72.0
26.7, 58.1, 71.7
26.7, 58.1, 71.6
26.7, 58.2, 71.6
26.7, 58.1, 71.6
26.7, 58.3, 71.6
26.7, 58.2, 71.6
26.7, 58.2, 71.6
26.7, 58.3, 71.6
26.7, 58.4, 71.6
26.7, 58.3, 71.6
26.7, 58.3, 71.6
26.7, 58.3, 71.6
26.7, 58.3, 71.6
26.7, 58.7, 71.6
26.7, 58.8, 71.6
26.7, 58.8, 71.6
26.7, 58.8, 71.6
26.7, 58.9, 71.6
26.7, 58.9, 71.6
26.5, 58.4, 71.6
26.7, 58.8, 71.6
26.7, 58.8, 71.6
26.7, 58.8, 71.6
26.7, 58.8, 71.6
26.7, 58.7, 71.6
26.7, 58.8, 71.6
26.7, 58.9, 71.6
26.7, 58.9, 71.6
26.7, 58.9, 71.6
26.7, 58.9, 71.6
26.7, 58.8, 71.6
26.7, 58.9, 71.7
26.7, 58.9, 71.6
26.7, 58.9, 71.7
26.7, 58.9, 71.7
26.7, 58.9, 71.7
26.7, 59.1, 71.7
26.7, 59.1, 71.8
26.7, 58.9, 71.7
26.7, 59.0, 71.7
26.7, 58.9, 71.7
26.7, 58.8, 71.7
26.7, 58.7, 71.9
26.7, 58.8, 72.0
26.7, 58.7, 71.8
26.7, 58.7, 71.7
26.7, 58.7, 71.7
26.7, 58.8, 71.7
26.7, 58.7, 71.7
26.7, 58.7, 71.6
26.7, 58.8, 71.6
26.5, 58.3, 71.6
26.7, 58.7, 71.6
26.7, 58.7, 71.6
26.7, 58.7, 71.7
26.7, 59.0, 71.6
26.7, 59.1, 71.7
26.8, 59.1, 71.6
26.8, 59.1, 71.6
26.8, 59.0, 71.6
26.8, 59.1, 71.7
26.8, 59.1, 71.7
26.8, 59.0, 71.7
26.7, 59.1, 71.7
26.8, 59.1, 71.7
26.8, 59.1, 71.7
26.7, 59.1, 71.7
26.5, 58.7, 71.7
26.7, 59.1, 71.7
26.7, 59.1, 71.7
26.7, 59.0, 71.7
26.7, 59.0, 71.8
26.7, 59.0, 71.8
26.7, 58.9, 71.8
26.7, 58.9, 71.8
26.7, 58.8, 71.8
26.7, 58.9, 71.8
26.8, 58.9, 71.8
26.8, 58.9, 71.8
26.7, 58.8, 71.8
26.7, 58.8, 71.8
26.7, 58.9, 71.8
26.7, 58.9, 71.8
26.7, 58.9, 71.7
26.7, 58.9, 71.7
26.7, 58.9, 71.7
26.7, 58.9, 72.1
26.7, 58.9, 72.0
26.7, 58.9, 71.9
26.7, 59.0, 71.8
26.7, 59.0, 71.8
26.7, 58.9, 71.8
26.7, 59.0, 71.8
26.7, 59.1, 71.8
26.7, 59.0, 71.8
26.7, 59.0, 71.8
26.7, 59.0, 71.8
26.7, 59.1, 71.8
26.7, 59.1, 71.8
26.7, 59.1, 71.8
26.7, 59.1, 71.8
26.7, 59.0, 71.8
26.7, 59.0, 71.8
26.7, 59.1, 71.8
26.7, 59.0, 71.8
26.7, 59.0, 71.8
26.7, 59.0, 71.8
26.7, 59.0, 71.8
26.7, 59.1, 71.8
26.7, 59.1, 71.8
26.7, 59.1, 71.8
26.7, 59.2, 71.8
26.7, 59.2, 71.8
26.7, 59.1, 71.8
26.7, 59.1, 71.8
26.7, 59.1, 71.8
26.8, 59.1, 71.8
26.8, 59.0, 71.8
26.8, 58.9, 71.8
26.8, 58.9, 71.8
26.8, 58.8, 71.8
26.8, 58.8, 71.8
26.8, 58.8, 71.8
26.8, 58.8, 71.8
26.8, 58.8, 71.8
26.7, 58.8, 71.8
26.7, 58.8, 72.2
26.8, 58.8, 72.0
26.7, 58.8, 71.9
26.7, 58.8, 71.8
26.7, 58.8, 71.9
26.7, 58.8, 71.9
26.7, 58.8, 71.9
26.7, 58.8, 71.9
26.7, 58.8, 71.9
26.7, 58.8, 71.9
26.7, 58.8, 71.9
26.7, 58.8, 71.9
26.7, 58.8, 71.9
26.5, 58.4, 71.9
26.7, 58.8, 72.0
26.7, 58.8, 72.0
26.7, 58.8, 71.9
26.7, 58.8, 71.9
26.7, 58.8, 72.0
26.8, 58.7, 72.0
26.7, 58.8, 72.0
26.8, 58.8, 72.0
26.8, 58.8, 72.0
26.8, 58.8, 72.0
26.8, 58.9, 72.0
26.8, 58.8, 72.0
26.8, 58.7, 72.0
26.8, 58.7, 72.0
26.7, 58.7, 72.0
26.7, 58.7, 72.0
26.7, 58.7, 72.0
26.7, 58.8, 72.0
26.7, 58.9, 72.0
26.7, 58.9, 72.0
26.7, 59.1, 72.0
26.7, 59.2, 72.0
26.7, 59.3, 72.0
26.7, 59.3, 72.0
26.7, 59.4, 72.0
26.7, 59.4, 72.0
26.7, 59.4, 72.4
26.7, 59.2, 72.3
26.7, 59.3, 72.1
26.7, 59.4, 72.0
26.7, 59.6, 72.0
26.7, 59.7, 72.0
26.7, 59.6, 72.0
26.7, 59.6, 72.1
26.7, 59.4, 72.1
26.7, 59.8, 72.1
26.7, 60.4, 72.1
26.7, 60.2, 72.1
26.7, 60.3, 72.1
26.7, 60.7, 72.1
26.7, 60.4, 72.1
26.7, 60.4, 72.1
26.8, 60.2, 72.1
26.8, 60.0, 72.1
26.8, 60.0, 72.1
26.7, 60.0, 72.1
26.7, 60.1, 72.1
26.7, 60.2, 72.1
26.7, 60.2, 72.1
26.7, 60.1, 72.1
26.7, 60.1, 72.1
26.7, 60.1, 72.1
26.7, 60.1, 72.1
26.7, 60.2, 72.1
26.7, 60.1, 72.1
26.7, 60.1, 72.1
26.7, 60.0, 72.1
26.7, 60.1, 72.2
26.7, 60.0, 72.2
26.7, 59.9, 72.2
26.7, 59.9, 72.4
26.5, 59.4, 72.4
26.7, 60.0, 72.4
26.7, 59.9, 72.4
26.7, 59.9, 72.7
26.7, 59.9, 72.6
26.7, 59.9, 72.4
26.7, 59.9, 72.3
26.7, 59.9, 72.3
26.7, 59.9, 72.3
26.7, 60.0, 72.3
26.7, 59.9, 72.3
26.7, 59.9, 72.3
26.7, 59.9, 72.3
26.7, 59.9, 72.3
26.7, 60.0, 72.3
26.7, 59.9, 72.3
26.7, 59.9, 72.3
26.7, 59.9, 72.3
26.7, 59.9, 72.4
26.7, 59.9, 72.4
26.7, 59.9, 72.4
26.7, 59.9, 72.4
26.7, 60.0, 72.4
26.7, 60.0, 72.4
26.7, 59.9, 72.4
26.7, 60.0, 72.4
26.7, 60.0, 72.4
26.7, 60.0, 72.4
26.7, 60.0, 72.4
26.7, 59.9, 72.4
26.7, 59.9, 72.4
26.7, 59.9, 72.4
26.7, 60.0, 72.4
26.7, 60.0, 72.4
26.7, 60.0, 72.4
26.7, 60.0, 72.4
26.7, 60.0, 72.4
26.7, 60.0, 72.5
26.7, 60.0, 72.4
26.7, 60.2, 72.4
26.7, 60.1, 72.4
26.7, 60.1, 72.5
26.7, 60.0, 72.8
26.7, 60.0, 72.5
26.7, 60.1, 72.4
26.8, 60.0, 72.4
26.8, 60.0, 72.4
26.8, 59.9, 72.4
26.8, 59.9, 72.4
26.8, 59.9, 72.4
26.8, 60.2, 72.4
26.8, 60.2, 72.4
26.8, 60.2, 72.4
26.8, 60.2, 72.4
26.8, 60.2, 72.4
26.8, 60.0, 72.4
26.8, 60.0, 72.5
26.8, 60.1, 72.5
26.8, 60.0, 72.5
26.8, 60.1, 72.5
26.8, 60.2, 72.5
26.8, 60.1, 72.5
26.8, 60.1, 72.5
26.8, 60.1, 72.5
26.8, 60.2, 72.5
26.8, 60.3, 72.5
26.8, 60.2, 72.6
26.8, 60.1, 72.5
26.8, 60.2, 72.5
26.6, 59.6, 72.5
26.8, 60.2, 72.5
26.8, 60.3, 72.5
26.8, 60.3, 72.5
26.8, 60.3, 72.5
26.8, 60.2, 72.5
26.8, 60.1, 72.5
26.8, 60.1, 72.5
26.8, 60.2, 72.5
26.8, 60.2, 72.5
26.8, 60.2, 72.5
26.8, 60.2, 72.9
26.8, 60.1, 72.7
26.8, 60.1, 72.6
26.8, 60.1, 72.6
26.8, 60.1, 72.5
26.8, 60.1, 72.5
26.8, 60.1, 72.5
26.8, 60.0, 72.6
26.8, 60.1, 72.6
26.8, 60.0, 72.6
26.8, 60.0, 72.5
26.8, 60.0, 72.5
26.8, 59.9, 72.5
26.8, 59.9, 72.5
26.8, 59.9, 72.6
26.8, 59.9, 72.6
26.8, 60.0, 72.6
26.8, 60.0, 72.6
26.8, 60.1, 72.6
26.8, 60.0, 72.6
26.8, 60.0, 72.6
26.8, 60.0, 72.6
26.8, 60.0, 72.6
26.8, 60.0, 72.6
26.8, 60.0, 72.6
26.8, 59.9, 72.5
26.8, 60.0, 72.5
26.8, 60.0, 72.5
26.8, 60.0, 72.6
26.8, 60.0, 72.6
26.8, 60.0, 72.6
26.8, 59.9, 72.6
26.8, 60.0, 72.6
26.8, 60.0, 72.6
26.8, 59.9, 72.6
26.8, 60.1, 72.6
26.8, 60.2, 72.6
26.8, 60.2, 72.8
26.8, 60.2, 72.9
26.8, 60.2, 72.7
26.8, 60.3, 72.7
26.8, 60.4, 72.6
26.6, 59.8, 72.6
26.8, 60.3, 72.6
26.8, 60.3, 72.6
26.8, 60.3, 72.6
26.8, 60.3, 72.6
26.8, 60.3, 72.6
26.7, 60.3, 72.6
26.7, 60.3, 72.7
26.7, 60.3, 72.7
26.7, 60.3, 72.6
26.5, 59.7, 72.6
26.7, 60.3, 72.7
26.7, 60.3, 72.7
26.7, 60.3, 72.7
26.7, 60.4, 72.7
26.8, 60.4, 72.7
26.7, 60.4, 72.7
26.8, 60.3, 72.7
26.8, 60.3, 72.7
26.8, 60.3, 72.7
26.6, 59.7, 72.7
26.8, 60.3, 72.7
26.8, 60.2, 72.7
26.8, 60.3, 72.9
26.8, 60.4, 74.2
26.8, 60.4, 74.7
26.8, 60.6, 75.4
26.8, 60.5, 75.4
26.8, 60.8, 75.2
26.8, 60.7, 75.2
26.8, 60.7, 75.1
26.7, 60.7, 75.0
26.7, 60.7, 75.0
26.7, 60.6, 74.9
26.7, 60.6, 74.9
26.7, 60.7, 74.8
26.7, 60.7, 74.8
26.5, 60.2, 74.7
26.7, 61.2, 74.7
26.7, 61.2, 74.6
26.7, 61.1, 74.6
26.7, 61.2, 74.6
26.7, 61.1, 74.5
26.8, 61.1, 74.5
26.8, 61.1, 74.5
26.8, 61.0, 74.4
26.8, 60.8, 74.4
26.6, 60.3, 74.4
26.7, 61.0, 74.4
26.8, 61.0, 74.4
26.8, 61.1, 74.4
26.8, 60.9, 74.3
26.8, 60.9, 74.3
26.8, 60.9, 74.3
26.8, 60.9, 74.2
26.8, 60.9, 74.2
26.6, 60.2, 74.3
26.7, 60.9, 74.2
26.8, 61.0, 74.2
26.8, 61.0, 74.2
26.8, 61.0, 74.2
26.8, 60.9, 74.2
26.8, 61.0, 74.2
26.8, 61.3, 74.2
26.8, 61.4, 74.2
26.8, 61.4, 74.1
26.7, 61.5, 74.1
26.7, 61.6, 74.1
26.7, 61.6, 74.1
26.7, 61.6, 74.1
26.7, 61.5, 74.1
26.7, 61.5, 74.1
26.5, 60.8, 74.1
26.7, 61.6, 74.1
26.7, 61.6, 74.0
26.7, 61.6, 74.0
26.7, 61.7, 74.0
26.7, 61.7, 74.0
26.7, 61.7, 74.0
26.6, 61.7, 74.0
26.6, 61.8, 74.0
26.6, 61.9, 74.0
26.6, 62.0, 74.0
26.6, 62.0, 74.0
26.6, 62.0, 74.0
26.6, 62.0, 74.0
26.6, 62.1, 74.0
26.6, 62.1, 74.0
26.6, 62.1, 74.0
26.6, 62.2, 74.0
26.6, 62.2, 74.0
26.6, 62.3, 74.0
26.5, 62.3, 74.0
26.5, 62.3, 74.0
26.5, 62.4, 74.0
26.5, 62.5, 74.0
26.5, 62.5, 74.0
26.3, 61.7, 74.0
26.5, 62.5, 74.0
26.5, 62.6, 74.0
26.5, 62.5, 74.0
26.5, 62.7, 74.0
26.5, 62.7, 74.0
26.5, 62.6, 73.9
26.5, 62.7, 73.9
26.5, 62.7, 74.0
26.5, 62.6, 73.9
26.5, 62.6, 73.9
26.5, 62.6, 73.9
26.5, 62.7, 73.9
26.5, 62.7, 73.9
26.5, 62.7, 73.9
26.5, 62.7, 73.9
26.5, 62.7, 73.9
26.5, 62.7, 73.9
26.5, 62.8, 73.9
26.5, 62.8, 73.9
26.5, 62.9, 73.9
26.5, 62.9, 73.9
26.5, 62.4, 73.9
26.4, 61.0, 73.9
26.4, 59.2, 73.9
26.3, 58.7, 73.9
26.1, 58.6, 73.9
25.9, 58.2, 73.9
25.7, 58.4, 73.9
25.6, 58.8, 73.9
25.4, 58.7, 73.9
25.3, 58.8, 73.9
25.2, 58.6, 73.9
25.1, 58.9, 73.9
24.9, 59.0, 74.0
24.8, 59.0, 73.9
24.7, 58.9, 74.0
24.6, 59.0, 74.0
24.6, 59.1, 74.0
24.5, 59.3, 74.0
24.4, 59.2, 74.0
24.3, 59.4, 74.0
24.3, 59.6, 74.0
24.2, 59.9, 74.0
24.2, 60.7, 74.0
24.1, 61.1, 74.0
24.2, 61.3, 74.0
24.2, 61.3, 74.0
24.3, 61.4, 74.0
24.4, 61.1, 74.0
24.5, 61.2, 74.0
24.6, 61.2, 74.0
24.7, 61.1, 74.0
24.8, 61.1, 74.0
24.9, 61.3, 74.0
25.0, 61.1, 74.0
25.0, 60.8, 74.0
25.1, 60.5, 73.9
25.2, 60.3, 73.9
25.3, 60.3, 73.9
25.3, 60.1, 73.9
25.4, 59.9, 73.9
25.4, 59.8, 73.9
25.5, 59.5, 73.9
25.5, 59.0, 74.0
25.6, 59.3, 74.0
25.6, 59.1, 74.0
25.7, 59.0, 73.9
25.6, 58.5, 73.9
25.7, 58.9, 73.9
25.7, 58.8, 73.9
25.8, 58.7, 73.9
25.8, 58.7, 73.9
25.8, 58.6, 73.9
25.8, 58.7, 73.9
25.9, 58.5, 73.9
25.9, 58.6, 73.9
25.9, 58.5, 73.9
25.9, 58.4, 73.9
25.9, 58.4, 73.9
25.9, 58.4, 73.8
26.0, 58.5, 73.8
26.0, 58.4, 73.8
25.9, 58.0, 73.8
26.0, 58.4, 73.8
26.0, 58.3, 73.8
26.0, 58.2, 73.8
26.0, 58.3, 73.8
26.0, 58.4, 73.8
26.0, 58.3, 73.9
26.0, 58.3, 73.9
26.0, 58.3, 73.9
26.0, 58.2, 73.9
26.0, 58.2, 73.9
26.0, 58.4, 73.9
26.1, 58.3, 73.9
26.1, 58.4, 73.9
26.1, 58.3, 73.9
26.1, 58.3, 73.9
26.1, 58.4, 73.9
26.1, 58.3, 73.8
26.1, 58.3, 73.8
26.0, 58.0, 73.8
26.1, 58.4, 73.8
26.1, 58.3, 73.8
26.1, 58.3, 73.8
26.1, 58.3, 73.8
26.1, 58.3, 73.8
26.1, 58.4, 73.8
26.1, 58.4, 73.8
26.1, 58.4, 73.8
26.1, 58.4, 73.8
26.1, 58.3, 73.8
26.0, 58.0, 73.8
26.1, 58.4, 73.8
26.1, 58.4, 73.8
26.1, 58.3, 73.8
26.1, 58.4, 73.8
26.1, 58.5, 73.8
26.1, 58.4, 73.8
26.1, 58.4, 73.8
26.1, 58.4, 73.8
26.1, 58.5, 73.8
26.1, 58.5, 73.8
26.1, 58.5, 73.8
26.1, 58.5, 73.9
26.1, 58.5, 74.0
26.1, 58.6, 74.0
26.1, 58.6, 73.9
26.1, 58.5, 73.9
26.1, 58.5, 73.9
26.1, 58.5, 73.9
26.1, 58.5, 73.9
26.1, 58.5, 73.9
26.1, 58.6, 73.9
26.1, 58.6, 73.9
26.1, 58.5, 73.9
26.1, 58.6, 73.9
26.1, 58.6, 73.9
26.1, 58.6, 73.9
26.1, 58.6, 73.9
26.1, 58.6, 73.9
26.1, 58.6, 73.9
26.1, 58.6, 73.9
26.1, 58.7, 73.9
26.1, 58.7, 73.8
26.1, 58.7, 73.8
26.1, 58.6, 73.8
26.1, 58.6, 73.8
26.1, 58.7, 73.8
26.1, 58.7, 73.8
26.1, 58.7, 73.8
26.1, 58.8, 73.8
26.1, 58.7, 73.8
26.1, 58.7, 73.8
26.1, 58.7, 73.8
26.1, 58.8, 73.8
26.1, 58.8, 73.9
26.1, 58.8, 73.9
26.1, 58.8, 73.9
26.1, 58.8, 73.9
26.1, 58.8, 73.9
26.1, 58.8, 73.9
26.1, 58.9, 73.9
26.0, 58.4, 73.9
26.1, 58.9, 73.9
26.1, 58.9, 73.9
26.1, 58.9, 73.9
26.1, 58.9, 73.9
26.1, 58.9, 73.9
26.1, 58.9, 73.9
26.1, 58.9, 73.9
26.1, 58.9, 73.9
26.1, 58.9, 73.9
26.1, 58.9, 73.9
26.1, 58.9, 73.9
26.1, 59.0, 73.9
26.1, 59.0, 73.9
26.1, 59.1, 73.9
26.1, 59.1, 73.9
26.1, 59.0, 73.9
26.1, 59.0, 74.0
26.1, 59.0, 74.0
26.1, 59.0, 74.0
26.1, 59.0, 74.0
26.1, 59.0, 74.0
26.1, 59.0, 74.0
26.1, 59.0, 74.0
26.1, 59.0, 74.0
26.1, 59.1, 74.0
26.1, 59.1, 74.0
26.1, 59.2, 74.0
26.0, 58.6, 74.0
26.1, 59.3, 74.0
26.1, 59.2, 73.9
26.1, 59.2, 73.9
26.1, 59.2, 73.9
26.1, 59.2, 74.0
26.1, 59.2, 74.0
26.1, 59.3, 74.0
26.1, 59.2, 74.0
26.1, 59.3, 74.0
26.1, 59.2, 74.0
26.1, 59.2, 74.0
26.1, 59.3, 74.0
26.1, 59.3, 74.0
26.1, 59.3, 74.0
26.1, 59.3, 74.0
26.1, 59.3, 74.0
26.1, 59.3, 74.0
26.1, 59.4, 74.0
26.1, 59.4, 74.0
26.1, 59.4, 74.0
26.1, 59.5, 74.0
26.1, 59.4, 74.0
26.1, 59.5, 74.0
26.1, 59.5, 74.0
26.1, 59.5, 74.0
26.1, 59.5, 74.0
26.0, 59.0, 74.0
26.1, 59.5, 74.0
26.1, 59.6, 74.0
26.1, 59.6, 74.0
26.1, 59.5, 74.0
26.1, 59.6, 74.1
26.1, 59.6, 74.1
26.1, 59.6, 74.1
26.1, 59.6, 74.1
26.1, 59.6, 74.1
26.1, 59.6, 74.1
26.1, 59.7, 74.1
26.1, 59.7, 74.0
26.1, 59.7, 74.0
26.1, 59.7, 74.0
26.1, 59.8, 74.0
26.1, 59.7, 74.0
26.1, 59.8, 74.0
26.1, 59.8, 74.0
26.1, 59.8, 74.1
26.1, 59.9, 74.1
26.1, 59.9, 74.1
26.1, 59.9, 74.1
26.1, 59.9, 74.1
26.1, 59.9, 74.1
26.0, 59.4, 74.1
26.1, 59.9, 74.1
26.1, 59.9, 74.1
26.1, 59.9, 74.1
26.1, 59.9, 74.1
26.1, 60.0, 74.1
26.1, 60.0, 74.1
26.1, 60.0, 74.1
26.1, 59.9, 74.1
26.1, 60.0, 74.1
26.1, 60.0, 74.1
26.1, 60.1, 74.1
26.1, 60.1, 74.1
26.1, 60.0, 74.1
26.1, 60.1, 74.1
26.1, 60.1, 74.2
26.1, 60.1, 74.2
26.1, 60.1, 74.2
26.1, 60.1, 74.2
26.1, 60.2, 74.2
26.1, 60.1, 74.2
26.1, 60.2, 74.2
26.1, 60.2, 74.2
26.1, 60.2, 74.2
26.1, 60.2, 74.2
26.1, 60.2, 74.2
26.1, 60.2, 74.2
26.1, 60.2, 74.2
26.1, 60.3, 74.2
26.1, 60.3, 74.2
26.1, 60.3, 74.2
26.1, 60.3, 74.2
26.1, 60.4, 74.2
26.1, 60.4, 74.2
26.1, 60.4, 74.2
26.1, 60.4, 74.2
26.1, 60.4, 74.2
26.1, 60.5, 74.2
26.1, 60.4, 74.2
26.1, 60.5, 74.3
26.1, 60.5, 74.3
26.1, 60.5, 74.3
26.1, 60.5, 74.3
26.1, 60.5, 74.3
26.1, 60.6, 74.3
26.1, 60.6, 74.3
26.1, 60.6, 74.3
26.1, 60.5, 74.3
26.1, 60.5, 74.3
26.1, 60.6, 74.3
26.1, 60.6, 74.3
26.1, 60.7, 74.3
26.1, 60.7, 74.3
26.1, 60.7, 74.3
26.1, 60.7, 74.3
26.1, 60.7, 74.3
26.1, 60.8, 74.2
26.1, 60.8, 74.2
26.1, 60.7, 74.2
26.1, 60.8, 74.2
26.1, 60.8, 74.2
26.1, 60.8, 74.2
26.1, 60.8, 74.2
26.1, 60.8, 74.2
26.1, 60.8, 74.2
26.1, 60.8, 74.2
26.1, 60.8, 74.2
26.1, 60.8, 74.2
26.1, 60.9, 74.2
26.1, 60.8, 74.2
26.1, 60.8, 74.2
26.1, 60.9, 74.2
26.1, 60.9, 74.2
26.1, 60.9, 74.2
26.1, 60.9, 74.3
26.1, 60.9, 74.3
26.1, 61.0, 74.3
26.1, 60.9, 74.3
26.1, 60.9, 74.3
26.1, 60.9, 74.3
26.1, 60.9, 74.3
26.1, 60.9, 74.3
26.1, 60.9, 74.3
26.1, 60.9, 74.3
26.1, 60.9, 74.3
26.1, 60.9, 74.3
26.1, 60.9, 74.3
26.1, 61.0, 74.3
26.1, 60.9, 74.3
26.1, 60.9, 74.3
26.1, 60.9, 74.3
26.1, 60.9, 74.4
26.1, 61.0, 74.4
26.1, 61.0, 74.4
26.1, 61.0, 74.4
26.1, 61.0, 74.4
26.1, 61.0, 74.4
26.1, 61.0, 74.4
26.1, 60.9, 74.4
26.1, 61.0, 74.4
26.1, 61.0, 74.4
26.1, 61.0, 74.4
26.1, 61.0, 74.4
26.1, 61.1, 74.4
26.1, 61.1, 74.4
26.1, 61.1, 74.4
26.1, 61.0, 74.4
26.1, 61.0, 74.4
26.1, 61.1, 74.4
26.1, 61.1, 74.4
26.1, 61.0, 74.4
26.1, 61.0, 74.4
26.1, 61.1, 74.3
26.1, 61.0, 74.4
26.1, 61.1, 74.3
26.1, 61.1, 74.4
26.1, 61.1, 74.4
26.1, 61.1, 74.4
26.1, 61.1, 74.4
26.0, 60.5, 74.4
26.1, 61.2, 74.4
26.1, 61.2, 74.4
26.1, 61.2, 74.4
26.1, 61.2, 74.4
26.1, 61.2, 74.4
26.1, 61.2, 74.4
26.0, 60.5, 74.4
26.1, 61.3, 74.4
26.1, 61.3, 74.4
26.1, 61.3, 74.5
26.1, 61.2, 74.5
26.1, 61.3, 74.5
26.1, 61.3, 74.5
26.1, 61.2, 74.4
26.1, 61.3, 74.4
26.1, 61.3, 74.4
26.0, 60.5, 74.5
26.1, 61.2, 74.4
26.1, 61.2, 74.4
26.1, 61.3, 74.5
26.1, 61.3, 74.5
26.1, 61.3, 74.5
26.1, 61.2, 74.5
26.1, 61.3, 74.5
26.1, 61.3, 74.5
26.1, 61.3, 74.5
26.1, 61.3, 74.5
26.1, 61.3, 74.5
26.1, 61.3, 74.5
26.1, 61.3, 74.5
26.1, 61.3, 74.5
26.1, 61.3, 74.5
26.1, 61.3, 74.5
26.1, 61.3, 74.5
26.1, 61.4, 74.5
26.1, 61.4, 74.5
26.1, 61.4, 74.5
26.1, 61.4, 74.6
26.1, 61.3, 74.7
26.1, 61.3, 74.8
26.1, 61.4, 74.8
26.1, 61.4, 74.8
26.1, 61.3, 74.8
26.1, 61.3, 74.8
26.1, 61.4, 74.8
26.1, 61.3, 74.8
26.1, 61.3, 74.8
26.1, 61.4, 74.9
26.1, 61.3, 74.9
26.1, 61.3, 74.9
26.1, 61.3, 74.9
26.1, 61.3, 74.9
26.1, 61.4, 74.9
26.0, 60.7, 74.9
26.1, 61.4, 74.9
26.1, 61.4, 74.9
26.1, 61.4, 74.9
26.1, 61.4, 74.9
26.1, 61.4, 74.9
26.1, 61.4, 74.8
26.1, 61.4, 74.9
26.1, 61.4, 74.9
26.1, 61.4, 74.9
26.1, 61.4, 74.9
26.1, 61.4, 74.9
26.1, 61.4, 74.9
26.1, 61.4, 74.9
26.1, 61.4, 74.9
26.1, 61.4, 74.9
26.1, 61.4, 74.9
26.1, 61.4, 74.9
26.1, 61.4, 74.9
26.1, 61.4, 74.9
26.1, 61.5, 74.9
26.1, 61.4, 74.9
26.1, 61.5, 74.9
26.1, 61.5, 74.9
26.1, 61.5, 74.9
26.1, 61.5, 74.9
26.1, 61.5, 74.9
26.1, 61.5, 74.9
26.1, 61.5, 74.9
26.1, 61.5, 74.9
26.1, 61.5, 74.9
26.1, 61.6, 74.9
26.1, 61.6, 74.9
26.1, 61.6, 74.9
26.1, 61.6, 74.9
26.1, 61.6, 74.9
26.1, 61.6, 74.9
26.1, 61.6, 74.9
26.1, 61.6, 74.9
26.1, 61.6, 74.9
26.1, 61.6, 74.9
26.1, 61.6, 74.9
26.1, 61.6, 74.9
26.1, 61.6, 74.9
26.1, 61.7, 74.9
26.1, 61.6, 74.9
26.1, 61.6, 74.9
26.1, 61.6, 74.9
26.1, 61.7, 74.9
26.1, 61.7, 74.9
26.1, 61.7, 74.9
26.1, 61.7, 74.9
26.1, 61.7, 74.9
26.1, 61.7, 74.9
26.1, 61.7, 74.9
26.1, 61.7, 74.9
26.0, 61.0, 74.9
26.1, 61.8, 74.9
26.1, 61.7, 74.9
26.1, 61.8, 74.9
26.1, 61.7, 74.9
26.1, 61.8, 74.9
26.1, 61.8, 74.9
26.1, 61.8, 74.9
26.1, 61.8, 74.9
26.1, 61.8, 74.9
26.1, 61.8, 74.9
26.1, 61.8, 74.9
26.1, 61.8, 74.9
26.1, 61.8, 74.9
26.1, 61.8, 74.9
26.1, 61.8, 74.9
26.1, 61.8, 74.9
26.1, 61.8, 74.9
26.1, 61.8, 74.9
26.1, 61.8, 74.9
26.1, 61.9, 74.9
26.1, 61.9, 74.9
26.1, 61.9, 74.9
26.1, 61.9, 74.9
26.1, 61.9, 74.9
26.1, 61.9, 74.9
26.1, 61.9, 74.9
26.1, 61.9, 74.9
26.1, 61.9, 74.9
26.1, 61.9, 74.9
26.1, 61.9, 74.9
26.1, 61.9, 74.9
26.1, 61.9, 74.9
26.1, 62.0, 74.9
26.1, 62.0, 74.9
26.1, 62.0, 74.9
26.1, 62.0, 74.9
26.1, 62.1, 74.9
26.1, 62.1, 74.9
26.1, 62.1, 74.9
26.1, 62.1, 75.0
26.1, 62.1, 75.0
26.1, 62.2, 75.0
26.1, 62.2, 75.0
26.1, 62.2, 75.0
26.1, 62.2, 75.0
26.1, 62.3, 75.0
26.1, 62.3, 75.0
26.1, 62.3, 75.0
26.1, 62.3, 75.0
26.1, 62.3, 75.0
26.1, 62.4, 75.0
26.1, 62.4, 75.0
26.1, 62.4, 75.0
26.1, 62.4, 75.0
26.0, 62.4, 75.0
26.0, 62.4, 75.0
26.1, 62.4, 75.0
26.1, 62.4, 75.0
26.1, 62.4, 75.0
26.0, 62.4, 75.0
26.0, 62.4, 75.0
26.1, 62.4, 75.0
26.1, 62.5, 75.1
26.1, 62.5, 75.0
26.1, 62.5, 75.0
26.1, 62.5, 75.0
26.0, 62.5, 75.0
26.1, 62.5, 75.0
26.1, 62.5, 75.0
26.0, 62.5, 75.1
26.1, 62.5, 75.1
26.1, 62.5, 75.1
26.1, 62.5, 75.1
26.1, 62.5, 75.1
26.1, 62.5, 75.1
26.0, 62.5, 75.1
26.1, 62.5, 75.1
26.1, 62.5, 75.1
26.1, 62.5, 75.1
26.0, 62.5, 75.0
26.1, 62.5, 75.0
26.1, 62.5, 75.0
26.1, 62.5, 75.0
26.0, 62.5, 75.0
26.1, 62.5, 75.0
26.0, 62.5, 75.0
26.0, 62.5, 75.0
26.0, 61.7, 75.0
26.0, 62.5, 75.0
26.0, 62.5, 75.0
26.0, 62.6, 75.0
26.0, 62.5, 75.0
26.1, 62.6, 75.0
26.0, 62.6, 75.0
26.0, 62.5, 75.0
26.0, 62.6, 75.0
26.0, 62.6, 75.0
26.0, 62.6, 75.0
26.0, 62.6, 75.0
26.0, 62.6, 75.0
26.0, 62.6, 75.0
26.0, 62.6, 75.0
26.0, 62.6, 75.0
26.0, 62.6, 75.0
26.0, 62.6, 75.0
26.0, 62.6, 75.0
26.0, 62.6, 75.0
26.0, 62.6, 75.0
26.0, 62.6, 75.0
26.1, 62.6, 75.0
26.0, 62.6, 75.0
26.0, 62.6, 75.0
26.0, 62.6, 75.0
26.0, 62.6, 75.0
26.0, 62.6, 75.0
26.0, 62.6, 75.0
26.0, 62.6, 75.0
26.0, 62.7, 75.0
26.0, 62.7, 75.0
26.0, 62.7, 75.0
26.0, 62.7, 75.0
26.0, 62.7, 75.1
26.0, 62.7, 75.1
26.0, 62.7, 75.0
26.0, 62.7, 75.1
26.0, 62.7, 75.0
26.0, 62.7, 75.1
26.0, 62.7, 75.1
26.0, 62.7, 75.1
26.0, 62.7, 75.1
26.0, 62.7, 75.1
26.0, 62.7, 75.1
26.0, 62.7, 75.1
26.0, 62.7, 75.1
26.0, 62.8, 75.1
26.0, 62.7, 75.1
26.0, 62.7, 75.1
26.0, 62.8, 75.1
26.0, 62.8, 75.1
26.0, 62.7, 75.1
26.0, 62.8, 75.0
26.0, 62.8, 75.0
26.0, 62.8, 75.0
26.0, 62.8, 75.1
26.0, 62.8, 75.1
25.9, 61.9, 75.1
26.0, 62.8, 75.1
26.0, 62.8, 75.1
26.0, 62.8, 75.1
26.0, 62.8, 75.1
26.0, 62.8, 75.1
26.0, 62.8, 75.1
26.0, 62.8, 75.1
26.0, 62.8, 75.1
26.0, 62.8, 75.1
26.0, 62.8, 75.1
26.0, 62.8, 75.1
26.0, 62.8, 75.1
26.0, 62.8, 75.1
26.1, 62.8, 75.1
26.0, 62.8, 75.1
26.0, 62.8, 75.1
26.0, 62.9, 75.1
26.0, 62.9, 75.1
26.1, 62.9, 75.1
26.0, 62.9, 75.1
26.0, 62.9, 75.1
26.0, 62.9, 75.1
26.1, 62.9, 75.1
26.1, 63.0, 75.1
26.1, 62.9, 75.1
26.0, 62.9, 75.1
26.0, 62.9, 75.1
26.1, 63.0, 75.1
26.0, 62.9, 75.1
26.0, 63.0, 75.1
26.0, 63.0, 75.1
26.0, 63.0, 75.1
26.0, 63.0, 75.1
26.1, 63.0, 75.2
26.0, 63.0, 75.1
26.0, 63.0, 75.1
26.0, 63.0, 75.1
26.0, 63.0, 75.1
26.0, 63.0, 75.1
26.0, 63.0, 75.1
26.0, 63.0, 75.2
26.0, 63.0, 75.2
26.0, 63.0, 75.2
26.0, 63.0, 75.2
26.0, 63.0, 75.2
26.0, 63.0, 75.2
26.0, 63.0, 75.2
26.0, 63.0, 75.2
26.0, 63.0, 75.2
26.0, 63.0, 75.2
26.0, 63.0, 75.2
26.0, 63.0, 75.2
26.0, 63.0, 75.2
26.0, 63.0, 75.2
26.0, 63.0, 75.2
26.0, 63.0, 75.2
26.0, 63.0, 75.2
26.0, 63.0, 75.2
26.0, 63.0, 75.2
26.0, 63.0, 75.2
26.0, 63.0, 75.2
26.0, 63.0, 75.2
26.0, 63.1, 75.2
26.0, 63.0, 75.2
26.0, 63.1, 75.3
26.0, 63.1, 75.3
26.0, 63.1, 75.3
26.0, 63.1, 75.3
26.0, 63.1, 75.3
25.9, 62.2, 75.3
26.0, 63.1, 75.2
25.9, 62.2, 75.2
26.0, 63.1, 75.2
26.0, 63.1, 75.2
26.0, 63.1, 75.2
26.0, 63.1, 75.3
26.0, 63.1, 75.3
26.0, 63.1, 75.3
26.0, 63.1, 75.3
25.9, 62.2, 75.3
26.0, 63.1, 75.3
26.0, 63.1, 75.3
26.0, 63.1, 75.3
26.0, 63.2, 75.3
26.0, 63.1, 75.3
26.0, 63.1, 75.3
26.0, 63.1, 75.3
26.0, 63.2, 75.3
26.0, 63.2, 75.3
26.0, 63.2, 75.3
26.0, 63.2, 75.3
26.0, 63.3, 75.3
26.0, 63.3, 75.4
26.0, 63.3, 75.5
26.0, 63.3, 75.5
26.0, 63.3, 75.5
26.0, 63.3, 75.5
26.0, 63.4, 75.4
26.0, 63.4, 75.4
26.0, 63.3, 75.4
26.0, 63.4, 75.4
26.0, 63.4, 75.4
26.0, 63.4, 75.4
26.0, 63.4, 75.4
26.0, 63.4, 75.3
26.0, 63.4, 75.3
26.0, 63.4, 75.3
26.0, 63.4, 75.3
26.0, 63.5, 75.3
26.0, 63.5, 75.3
26.0, 63.5, 75.3
26.0, 63.5, 75.3
26.0, 63.4, 75.3
26.0, 63.5, 75.3
26.0, 63.5, 75.3
25.9, 62.5, 75.3
26.0, 63.5, 75.3
26.0, 63.5, 75.3
26.0, 63.5, 75.3
26.0, 63.5, 75.3
26.0, 63.5, 75.3
26.0, 63.5, 75.3
26.0, 63.5, 75.4
26.0, 63.6, 75.4
26.0, 63.6, 75.4
26.0, 63.6, 75.4
26.0, 63.6, 75.4
26.0, 63.6, 75.4
26.0, 63.5, 75.4
26.0, 63.6, 75.4
26.0, 63.6, 75.4
26.0, 63.6, 75.4
26.0, 63.6, 75.4
26.0, 63.6, 75.4
26.0, 63.6, 75.4
26.0, 63.6, 75.4
26.0, 63.6, 75.4
26.0, 63.6, 75.4
26.0, 63.6, 75.4
26.0, 63.6, 75.4
26.0, 63.6, 75.4
26.0, 63.7, 75.4
26.0, 63.7, 75.4
26.0, 63.6, 75.4
26.0, 63.7, 75.5
26.0, 63.7, 75.5
26.0, 63.7, 75.4
26.0, 63.7, 75.4
26.0, 63.7, 75.4
26.0, 63.7, 75.4
26.0, 63.7, 75.4
26.0, 63.7, 75.4
26.0, 63.7, 75.5
26.0, 63.7, 75.5
26.0, 63.7, 75.5
26.0, 63.7, 75.5
26.0, 63.7, 75.5
26.0, 63.7, 75.5
26.0, 63.7, 75.5
26.0, 63.7, 75.5
26.0, 63.8, 75.5
26.0, 63.8, 75.5
26.0, 63.7, 75.5
26.0, 63.8, 75.5
26.0, 63.8, 75.5
26.0, 63.8, 75.4
26.0, 63.8, 75.4
26.0, 63.9, 75.5
26.0, 63.8, 75.5
26.0, 63.8, 75.5
25.9, 62.9, 75.5
26.0, 63.9, 75.5
26.0, 63.9, 75.5
26.0, 63.9, 75.5
26.0, 64.0, 75.5
26.0, 64.0, 75.5
26.0, 64.0, 75.5
26.0, 64.0, 75.5
26.0, 64.0, 75.5
26.0, 64.0, 75.5
26.0, 64.0, 75.5
26.0, 64.1, 75.5
26.0, 64.1, 75.5
26.0, 64.1, 75.5
26.0, 64.1, 75.5
26.0, 64.1, 75.5
26.0, 64.1, 75.5
26.0, 64.1, 75.5
26.0, 64.1, 75.6
26.0, 64.1, 75.7
26.0, 64.1, 75.7
26.0, 64.1, 75.7
26.0, 64.1, 75.7
26.0, 64.1, 75.6
26.0, 64.1, 75.7
26.0, 64.1, 75.7
26.0, 64.1, 75.6
26.0, 64.1, 75.6
26.0, 64.1, 75.6
26.0, 64.1, 75.6
26.0, 64.2, 75.6
26.0, 64.2, 75.6
26.0, 64.2, 75.6
26.0, 64.1, 75.6
26.0, 64.1, 75.6
26.0, 64.2, 75.6
26.0, 64.2, 75.6
26.0, 64.2, 75.6
26.0, 64.1, 75.6
26.0, 64.1, 75.6
26.0, 64.1, 75.6
26.0, 64.2, 75.6
26.0, 64.2, 75.6
26.0, 64.2, 75.6
26.0, 64.1, 75.6
26.0, 64.2, 75.6
26.0, 64.2, 75.6
26.0, 64.1, 75.6
26.0, 64.2, 75.6
26.0, 64.2, 75.6
26.0, 64.2, 75.6
26.0, 64.2, 75.6
26.0, 64.2, 75.6
26.0, 64.2, 75.6
26.0, 64.2, 75.6
26.0, 64.2, 75.6
26.0, 64.2, 75.6
26.0, 64.2, 75.6
26.0, 64.2, 75.6
26.0, 64.2, 75.6
26.0, 64.2, 75.6
26.0, 64.2, 75.6
26.0, 64.2, 75.6
26.0, 64.2, 75.6
26.0, 64.2, 75.6
26.0, 64.2, 75.6
26.0, 64.3, 75.6
26.0, 64.2, 75.6
26.0, 64.2, 75.6
26.0, 64.2, 75.6
26.0, 64.2, 75.6
26.0, 64.2, 75.6
26.0, 64.2, 75.6
26.0, 64.2, 75.6
26.0, 64.3, 75.6
26.0, 64.3, 75.6
26.0, 64.3, 75.6
26.0, 64.3, 75.6
26.0, 64.3, 75.7
26.0, 64.3, 75.8
26.0, 64.3, 75.8
25.9, 63.3, 75.8
26.0, 64.3, 75.7
26.0, 64.3, 75.8
26.0, 64.3, 75.8
25.9, 63.3, 75.8
26.0, 64.3, 75.8
26.0, 64.3, 75.8
26.0, 64.3, 75.8
26.0, 64.3, 75.8
26.0, 64.3, 75.8
26.0, 64.3, 75.8
26.0, 64.3, 75.8
26.0, 64.3, 75.8
26.0, 64.3, 75.8
26.0, 64.3, 75.8
26.0, 64.3, 75.8
26.0, 64.3, 75.8
26.0, 64.3, 75.8
26.0, 64.3, 75.8
26.0, 64.3, 75.8
26.0, 64.3, 75.8
26.0, 64.3, 75.8
26.0, 64.3, 75.8
26.0, 64.3, 75.8
26.0, 64.3, 75.8
26.0, 64.3, 75.8
26.0, 64.3, 75.8
26.0, 64.3, 75.8
26.0, 64.3, 75.8
26.0, 64.3, 75.8
26.0, 64.3, 75.8
26.0, 64.3, 75.8
26.0, 64.4, 75.8
26.0, 64.4, 75.8
26.0, 64.4, 75.8
26.0, 64.4, 75.8
26.0, 64.4, 75.8
26.0, 64.4, 75.8
26.0, 64.4, 75.8
26.0, 64.3, 75.8
26.0, 64.3, 75.8
25.9, 63.3, 75.8
26.0, 64.3, 75.8
26.0, 64.4, 75.8
25.9, 63.3, 75.8
26.0, 64.4, 75.8
26.0, 64.3, 75.8
26.0, 64.4, 75.8
26.0, 64.4, 75.8
26.0, 64.4, 75.8
26.0, 64.4, 75.8
26.0, 64.4, 75.8
26.0, 64.3, 75.8
26.0, 64.4, 75.8
26.0, 64.3, 75.8
26.0, 64.3, 75.8
26.0, 64.4, 75.8
26.0, 64.3, 75.8
26.0, 64.3, 75.8
26.0, 64.3, 75.8
26.0, 64.4, 75.8
26.0, 64.3, 75.8
26.0, 64.4, 75.8
26.0, 64.4, 75.8
26.0, 64.3, 75.8
26.0, 64.4, 75.8
26.0, 64.4, 75.8
26.0, 64.4, 75.8
26.0, 64.4, 75.8
26.0, 64.4, 75.8
26.0, 64.4, 75.8
26.0, 64.4, 75.8
26.0, 64.4, 75.8
26.0, 64.3, 75.8
26.0, 64.3, 75.8
26.0, 64.3, 75.8
26.0, 64.4, 75.8
26.0, 64.4, 75.8
26.0, 64.4, 75.8
26.0, 64.4, 75.8
26.0, 64.4, 75.8
26.0, 64.4, 75.8
26.0, 64.4, 75.8
26.0, 64.4, 75.8
26.0, 64.3, 75.9
26.0, 64.4, 75.9
26.0, 64.3, 75.9
26.0, 64.4, 75.9
25.9, 63.3, 75.9
26.0, 64.4, 75.9
26.0, 64.4, 75.9
26.0, 64.4, 75.9
26.0, 64.4, 75.9
26.0, 64.4, 75.9
26.0, 64.4, 75.9
26.0, 64.4, 75.9
26.0, 64.4, 75.9
26.0, 64.4, 75.9
26.0, 64.3, 75.9
26.0, 64.4, 75.9
25.9, 63.3, 75.9
26.0, 64.3, 75.9
26.0, 64.3, 75.9
26.0, 64.4, 75.9
26.0, 64.4, 75.9
26.0, 64.4, 75.9
26.0, 64.4, 75.9
26.0, 64.4, 75.9
26.0, 64.4, 75.9
26.0, 64.3, 75.9
26.0, 64.3, 75.9
26.0, 64.3, 75.9
26.0, 64.3, 75.9
26.0, 64.3, 75.9
25.9, 63.3, 75.9
26.0, 64.3, 75.9
26.0, 64.3, 75.9
26.0, 64.3, 75.9
25.8, 62.2, 75.9
26.0, 64.3, 75.9
26.0, 64.3, 76.0
26.0, 64.3, 76.0
26.0, 64.3, 76.0
26.0, 64.2, 76.0
26.0, 64.2, 76.0
26.0, 64.2, 76.0
26.0, 64.3, 76.0
26.0, 64.2, 76.0
26.0, 64.2, 76.0
26.0, 64.2, 76.0
26.0, 64.2, 76.0
26.0, 64.3, 76.0
26.0, 64.3, 76.0
26.0, 64.2, 76.0
26.0, 64.2, 76.0
26.0, 64.2, 76.0
26.0, 64.2, 76.0
26.0, 64.2, 76.0
26.0, 64.2, 76.0
26.0, 64.2, 76.0
26.0, 64.2, 76.0
26.0, 64.2, 75.9
26.0, 64.3, 75.9
26.0, 64.2, 75.9
26.0, 64.2, 75.9
26.0, 64.1, 75.9
26.0, 64.2, 75.9
26.0, 64.1, 75.9
26.0, 64.1, 75.9
25.9, 63.1, 75.9
25.9, 63.2, 75.9
26.0, 64.2, 75.9
26.0, 64.1, 75.9
26.0, 64.1, 75.9
26.0, 64.1, 76.0
26.0, 64.1, 76.0
26.0, 64.1, 76.0
26.0, 64.1, 76.0
26.0, 64.1, 76.0
26.0, 64.1, 76.0
26.0, 64.1, 76.0
26.0, 64.1, 76.0
26.0, 64.1, 76.0
26.0, 64.1, 76.0
26.0, 64.1, 76.0
26.0, 64.1, 76.0
26.0, 64.0, 76.0
26.0, 64.1, 76.0
26.0, 64.1, 76.0
26.0, 64.1, 76.0
26.0, 64.1, 76.0
26.0, 64.1, 76.0
26.0, 64.0, 76.0
26.0, 64.1, 76.0
26.0, 64.0, 76.0
26.0, 64.0, 76.0
26.0, 64.0, 76.0
26.0, 64.0, 76.0
26.0, 64.0, 76.0
26.0, 64.0, 76.0
26.0, 64.0, 76.0
26.0, 64.0, 76.0
26.0, 64.0, 76.0
26.0, 64.0, 76.0
26.0, 64.0, 76.0
26.0, 64.1, 76.0
26.0, 64.0, 76.0
26.0, 64.1, 76.0
26.0, 64.0, 76.0
26.0, 64.1, 76.0
26.0, 64.2, 76.0
26.0, 64.2, 76.0
26.0, 64.2, 76.0
26.0, 64.1, 76.0
26.0, 62.5, 76.0
25.9, 60.4, 76.0
25.8, 59.3, 76.0
25.6, 58.6, 76.0
25.4, 58.0, 76.0
25.1, 57.8, 76.0
24.9, 57.6, 76.0
24.7, 57.9, 76.0
24.4, 58.1, 76.0
24.2, 58.5, 76.0
24.0, 58.9, 76.0
23.9, 59.1, 75.9
23.7, 59.2, 75.9
23.6, 59.4, 76.0
23.5, 59.5, 75.9
23.4, 59.6, 75.9
23.5, 59.1, 75.9
23.3, 59.8, 75.9
23.2, 59.9, 75.9
23.1, 60.1, 75.9
23.1, 60.1, 75.9
23.0, 60.2, 75.9
23.0, 60.3, 75.9
22.9, 60.5, 75.9
22.8, 60.6, 75.9
22.8, 60.7, 75.9
22.8, 60.7, 75.9
22.7, 60.7, 75.9
22.7, 60.8, 75.9
22.7, 60.8, 75.9
22.7, 60.8, 75.9
22.6, 60.8, 75.9
22.6, 60.9, 75.9
22.6, 60.9, 75.9
22.6, 60.9, 75.9
22.6, 61.0, 75.9
22.6, 61.0, 75.8
22.6, 61.0, 75.8
22.5, 61.0, 75.8
22.5, 61.2, 75.8
22.5, 61.2, 75.8
22.4, 61.4, 75.8
22.3, 61.7, 75.8
22.3, 61.9, 75.8
22.3, 62.0, 75.8
22.3, 62.1, 75.8
22.3, 62.2, 75.8
22.3, 62.2, 75.8
22.3, 62.2, 75.8
22.3, 62.2, 75.8
22.3, 62.1, 75.8
22.3, 62.2, 75.8
22.3, 62.2, 75.7
22.2, 62.2, 75.7
22.2, 62.4, 75.7
22.1, 62.5, 75.7
22.1, 62.7, 75.7
22.1, 63.0, 75.7
22.0, 63.1, 75.7
22.0, 63.2, 75.7
21.9, 63.5, 75.7
21.7, 64.0, 75.7
21.6, 64.6, 75.7
21.5, 65.0, 75.7
21.4, 65.6, 75.7
21.3, 65.9, 75.6
21.3, 66.0, 75.6
21.4, 66.3, 75.6
21.5, 67.0, 75.6
21.6, 67.1, 75.6
21.7, 67.4, 75.5
21.9, 67.7, 75.5
22.1, 67.8, 75.5
22.2, 67.0, 75.5
22.3, 67.0, 75.5
22.5, 67.4, 75.5
22.7, 68.0, 75.5
22.8, 67.5, 75.5
23.0, 67.0, 75.5
23.1, 68.1, 75.5
23.3, 68.6, 75.5
23.4, 68.4, 75.5
23.5, 68.0, 75.5
23.6, 67.9, 75.5
23.8, 67.4, 75.5
23.9, 67.0, 75.5
24.0, 66.8, 75.5
24.1, 66.5, 75.5
24.1, 66.5, 75.4
24.2, 66.1, 75.4
24.3, 65.9, 75.5
24.4, 65.7, 75.5
24.4, 65.6, 75.4
24.5, 65.4, 75.4
24.6, 65.3, 75.5
24.6, 65.1, 75.5
24.7, 65.0, 75.5
24.7, 64.9, 75.5
24.8, 64.8, 75.5
24.8, 64.7, 75.5
24.8, 64.6, 75.5
24.9, 64.5, 75.5
24.9, 64.4, 75.5
24.9, 64.3, 75.5
25.0, 64.2, 75.5
25.0, 64.2, 75.5
25.0, 64.1, 75.5
25.1, 64.0, 75.5
25.1, 63.9, 75.5
25.1, 63.9, 75.5
25.1, 63.6, 75.5
25.1, 61.5, 75.5
25.0, 60.3, 75.5
24.8, 59.1, 75.5
24.6, 59.2, 75.5
24.3, 59.7, 75.5
24.1, 60.0, 75.5
23.9, 60.0, 75.5
23.7, 60.2, 75.5
23.5, 60.9, 75.5
23.4, 61.5, 75.5
23.2, 61.6, 75.4
23.1, 61.5, 75.4
23.0, 61.4, 75.4
22.9, 61.7, 75.4
22.8, 62.3, 75.4
22.8, 62.5, 75.4
22.8, 62.7, 75.4
22.7, 62.8, 75.4
22.7, 62.6, 75.4
22.6, 62.5, 75.4
22.5, 62.5, 75.4
22.4, 62.5, 75.4
22.3, 62.7, 75.4
22.2, 63.0, 75.4
22.1, 63.2, 75.4
22.0, 63.5, 75.4
22.0, 63.9, 75.4
21.9, 64.3, 75.4
21.9, 64.5, 75.4
22.0, 64.7, 75.4
22.0, 64.7, 75.4
22.1, 64.7, 75.3
